2026-03-07 22:41:27 [WARNING] devolución procesada
2026-05-02 13:58:07 [WARNING] pago rechazado
2026-02-16 04:01:33 [INFO] venta realizada
2026-01-31 03:23:08 [INFO] venta realizada
2026-03-30 15:19:06 [ERROR] devolución procesada
2026-04-03 10:19:14 [ERROR] venta realizada
2026-02-15 17:02:26 [INFO] devolución procesada
2026-05-07 01:03:40 [INFO] stock bajo
2026-01-13 02:23:26 [INFO] pago rechazado
2026-01-18 03:33:43 [ERROR] devolución procesada
2026-02-17 02:12:23 [WARNING] pago rechazado
2026-05-08 11:33:56 [WARNING] devolución procesada
2026-04-11 21:51:23 [WARNING] venta realizada
2026-04-23 20:40:03 [WARNING] pago rechazado
2026-03-08 17:16:08 [INFO] stock bajo
2026-03-24 15:17:04 [INFO] pago rechazado
2026-05-03 18:34:57 [INFO] pago rechazado
2026-03-08 01:29:33 [WARNING] devolución procesada
2026-04-08 06:38:04 [INFO] devolución procesada
2026-01-22 16:13:07 [ERROR] pago rechazado
2026-04-20 00:59:33 [INFO] venta realizada
2026-02-21 11:17:48 [INFO] devolución procesada
2026-01-16 21:43:33 [WARNING] stock bajo
2026-04-03 03:23:00 [ERROR] stock bajo
2026-03-05 22:58:27 [ERROR] devolución procesada
2026-01-26 23:18:59 [WARNING] devolución procesada
2026-04-02 03:38:07 [ERROR] stock bajo
2026-01-23 17:22:37 [WARNING] venta realizada
2026-01-22 08:04:55 [WARNING] pago rechazado
2026-05-01 22:05:18 [INFO] pago rechazado
2026-02-22 23:37:03 [INFO] stock bajo
2026-04-29 06:02:03 [ERROR] stock bajo
2026-03-27 23:34:48 [INFO] venta realizada
2026-02-07 12:10:42 [INFO] venta realizada
2026-02-08 11:17:01 [ERROR] devolución procesada
2026-02-01 22:23:06 [ERROR] devolución procesada
2026-04-17 16:48:00 [INFO] stock bajo
2026-03-23 03:21:20 [INFO] devolución procesada
2026-04-03 22:12:27 [ERROR] stock bajo
2026-05-07 01:20:08 [WARNING] pago rechazado
2026-01-24 14:31:08 [ERROR] venta realizada
2026-03-07 10:10:18 [WARNING] stock bajo
2026-05-02 14:14:14 [INFO] pago rechazado
2026-01-17 15:56:11 [ERROR] stock bajo
2026-04-30 23:56:57 [ERROR] venta realizada
2026-02-04 19:50:09 [WARNING] stock bajo
2026-03-21 21:30:23 [INFO] pago rechazado
2026-04-24 11:15:42 [INFO] venta realizada
2026-02-11 07:04:33 [WARNING] venta realizada
2026-02-21 15:53:14 [ERROR] venta realizada
2026-03-08 06:50:22 [WARNING] venta realizada
2026-03-20 02:07:19 [INFO] venta realizada
2026-05-05 21:16:34 [WARNING] venta realizada
2026-03-06 20:47:06 [INFO] venta realizada
2026-03-21 03:49:13 [INFO] stock bajo
2026-04-10 22:08:57 [ERROR] stock bajo
2026-04-11 14:24:07 [INFO] pago rechazado
2026-04-11 17:52:28 [WARNING] pago rechazado
2026-04-10 03:43:49 [INFO] venta realizada
2026-01-14 19:54:28 [INFO] stock bajo
2026-03-05 23:31:50 [INFO] pago rechazado
2026-03-19 19:05:11 [WARNING] stock bajo
2026-03-26 01:53:47 [INFO] stock bajo
2026-04-07 15:50:55 [INFO] pago rechazado
2026-04-01 21:30:26 [INFO] pago rechazado
2026-02-08 17:41:23 [WARNING] pago rechazado
2026-02-01 11:34:44 [INFO] stock bajo
2026-02-03 08:50:31 [INFO] stock bajo
2026-02-16 01:44:18 [WARNING] devolución procesada
2026-05-01 06:42:14 [WARNING] devolución procesada
2026-04-20 03:51:45 [WARNING] venta realizada
2026-02-10 04:47:30 [INFO] devolución procesada
2026-05-09 03:36:28 [INFO] devolución procesada
2026-04-12 12:57:34 [WARNING] devolución procesada
2026-04-21 00:16:29 [INFO] stock bajo
2026-03-02 14:10:38 [WARNING] devolución procesada
2026-01-29 14:23:05 [INFO] stock bajo
2026-01-27 12:49:19 [INFO] pago rechazado
2026-01-19 10:39:10 [INFO] stock bajo
2026-02-05 18:05:20 [WARNING] devolución procesada
2026-01-31 17:37:11 [ERROR] venta realizada
2026-02-23 07:27:12 [ERROR] devolución procesada
2026-04-12 01:16:27 [WARNING] devolución procesada
2026-01-25 20:57:47 [ERROR] venta realizada
2026-02-10 20:35:27 [INFO] stock bajo
2026-01-14 16:57:59 [INFO] devolución procesada
2026-03-21 10:02:19 [ERROR] pago rechazado
2026-02-05 15:27:18 [INFO] pago rechazado
2026-01-16 19:18:14 [INFO] stock bajo
2026-03-08 09:09:21 [ERROR] venta realizada
2026-04-06 12:56:00 [ERROR] pago rechazado
2026-01-21 20:33:12 [WARNING] devolución procesada
2026-03-05 01:47:53 [ERROR] venta realizada
2026-04-27 02:12:52 [INFO] venta realizada
2026-04-09 22:34:49 [INFO] pago rechazado
2026-01-19 00:07:08 [INFO] venta realizada
2026-05-05 13:43:39 [WARNING] venta realizada
2026-01-13 16:26:34 [ERROR] venta realizada
2026-02-21 01:24:56 [WARNING] stock bajo
2026-02-17 14:19:55 [WARNING] pago rechazado
2026-03-04 23:54:37 [WARNING] venta realizada
2026-01-31 01:24:02 [WARNING] pago rechazado
2026-04-01 12:33:18 [INFO] pago rechazado
2026-03-14 19:04:03 [WARNING] venta realizada
2026-03-11 14:53:37 [INFO] stock bajo
2026-02-04 06:02:44 [WARNING] pago rechazado
2026-03-10 03:01:19 [INFO] pago rechazado
2026-02-07 02:56:41 [ERROR] stock bajo
2026-04-18 12:09:13 [WARNING] stock bajo
2026-04-29 22:50:11 [WARNING] stock bajo
2026-05-10 04:58:26 [INFO] venta realizada
2026-04-27 17:37:27 [WARNING] devolución procesada
2026-01-17 01:51:39 [WARNING] pago rechazado
2026-04-01 01:59:40 [ERROR] stock bajo
2026-04-16 08:43:55 [ERROR] venta realizada
2026-01-15 15:06:52 [WARNING] stock bajo
2026-03-24 19:32:18 [WARNING] pago rechazado
2026-02-01 06:13:51 [ERROR] stock bajo
2026-04-29 18:31:35 [ERROR] stock bajo
2026-03-13 07:11:51 [INFO] pago rechazado
2026-01-28 09:55:22 [ERROR] devolución procesada
2026-02-19 02:24:30 [WARNING] stock bajo
2026-04-11 13:58:53 [WARNING] venta realizada
2026-01-19 05:52:34 [WARNING] pago rechazado
2026-01-27 17:12:36 [WARNING] venta realizada
2026-01-22 04:11:47 [ERROR] devolución procesada
2026-05-09 21:13:30 [WARNING] pago rechazado
2026-05-09 10:29:45 [ERROR] stock bajo
2026-04-03 09:11:51 [INFO] venta realizada
2026-02-02 00:44:12 [WARNING] stock bajo
2026-04-02 08:27:11 [ERROR] pago rechazado
2026-01-31 02:00:55 [INFO] stock bajo
2026-02-22 07:04:44 [ERROR] devolución procesada
2026-02-10 22:42:22 [WARNING] venta realizada
2026-05-08 20:01:42 [WARNING] pago rechazado
2026-02-12 21:30:32 [INFO] venta realizada
2026-02-03 21:47:07 [ERROR] venta realizada
2026-02-11 05:13:08 [ERROR] devolución procesada
2026-03-14 16:12:38 [ERROR] pago rechazado
2026-03-21 16:07:00 [INFO] stock bajo
2026-01-13 19:17:18 [ERROR] stock bajo
2026-03-11 23:10:54 [INFO] pago rechazado
2026-01-26 23:13:44 [ERROR] pago rechazado
2026-03-07 20:12:34 [WARNING] venta realizada
2026-04-10 04:08:20 [INFO] venta realizada
2026-04-15 06:31:50 [ERROR] devolución procesada
2026-02-13 05:07:39 [ERROR] devolución procesada
2026-05-05 11:50:03 [ERROR] venta realizada
2026-02-16 08:01:22 [INFO] devolución procesada
2026-03-01 06:04:01 [ERROR] stock bajo
2026-04-02 18:35:05 [ERROR] pago rechazado
2026-04-08 03:00:12 [INFO] pago rechazado
2026-04-28 20:03:11 [WARNING] pago rechazado
2026-01-14 07:30:25 [WARNING] devolución procesada
2026-02-28 23:59:03 [WARNING] devolución procesada
2026-02-04 12:55:36 [INFO] stock bajo
2026-03-20 03:52:58 [ERROR] venta realizada
2026-01-31 10:37:01 [WARNING] pago rechazado
2026-01-15 21:41:27 [ERROR] venta realizada
2026-04-23 10:35:40 [INFO] stock bajo
2026-03-27 10:44:30 [INFO] devolución procesada
2026-04-07 11:44:40 [INFO] venta realizada
2026-01-29 12:41:44 [ERROR] venta realizada
2026-03-04 11:42:02 [INFO] venta realizada
2026-03-03 12:04:09 [ERROR] pago rechazado
2026-03-20 10:44:46 [WARNING] devolución procesada
2026-04-04 12:34:13 [INFO] stock bajo
2026-04-01 17:57:19 [ERROR] devolución procesada
2026-05-09 02:08:18 [INFO] devolución procesada
2026-01-25 12:08:15 [WARNING] venta realizada
2026-03-18 20:25:39 [WARNING] stock bajo
2026-04-12 17:02:44 [WARNING] pago rechazado
2026-04-13 00:08:25 [WARNING] venta realizada
2026-05-06 22:32:26 [INFO] stock bajo
2026-04-26 05:04:47 [WARNING] venta realizada
2026-04-03 22:58:40 [INFO] venta realizada
2026-02-16 14:03:40 [WARNING] pago rechazado
2026-04-27 23:23:59 [WARNING] devolución procesada
2026-03-11 22:37:57 [WARNING] pago rechazado
2026-02-01 17:15:32 [WARNING] stock bajo
2026-01-20 05:13:00 [ERROR] pago rechazado
2026-01-27 03:55:25 [INFO] pago rechazado
2026-02-10 07:16:09 [ERROR] devolución procesada
2026-03-14 05:05:25 [ERROR] pago rechazado
2026-02-08 11:38:16 [WARNING] venta realizada
2026-01-16 19:08:32 [INFO] devolución procesada
2026-02-25 02:52:22 [WARNING] venta realizada
2026-04-05 00:32:19 [WARNING] devolución procesada
2026-04-08 17:48:16 [INFO] devolución procesada
2026-04-04 12:28:34 [ERROR] stock bajo
2026-01-16 07:32:30 [INFO] venta realizada
2026-03-25 15:24:38 [WARNING] venta realizada
2026-01-17 19:52:34 [WARNING] devolución procesada
2026-04-25 08:44:52 [ERROR] pago rechazado
2026-04-04 10:40:25 [ERROR] pago rechazado
2026-03-24 05:04:02 [WARNING] venta realizada
2026-05-03 08:29:45 [ERROR] stock bajo
2026-04-06 02:36:05 [ERROR] devolución procesada
2026-04-16 18:01:25 [INFO] venta realizada
2026-04-19 17:49:30 [ERROR] devolución procesada
2026-01-24 02:49:34 [INFO] venta realizada
2026-01-30 22:00:18 [WARNING] devolución procesada
2026-05-03 06:09:11 [INFO] stock bajo
2026-04-17 19:11:59 [WARNING] devolución procesada
2026-04-21 02:13:15 [ERROR] venta realizada
2026-05-11 03:47:31 [ERROR] pago rechazado
2026-03-29 04:01:33 [WARNING] stock bajo
2026-04-19 07:56:25 [WARNING] stock bajo
2026-02-04 20:59:07 [ERROR] stock bajo
2026-04-19 22:45:35 [ERROR] stock bajo
2026-04-13 12:56:27 [INFO] pago rechazado
2026-03-19 07:22:41 [WARNING] pago rechazado
2026-05-12 02:02:15 [ERROR] venta realizada
2026-03-13 15:49:29 [INFO] stock bajo
2026-01-18 22:35:32 [WARNING] pago rechazado
2026-05-09 10:34:45 [ERROR] devolución procesada
2026-03-09 23:15:46 [WARNING] devolución procesada
2026-03-01 09:21:48 [WARNING] venta realizada
2026-03-12 11:58:46 [ERROR] venta realizada
2026-04-09 14:56:55 [INFO] devolución procesada
2026-02-25 03:03:08 [WARNING] devolución procesada
2026-02-18 13:59:56 [ERROR] stock bajo
2026-02-23 19:54:45 [INFO] venta realizada
2026-01-14 13:19:55 [ERROR] venta realizada
2026-03-26 16:58:55 [INFO] stock bajo
2026-03-16 00:26:07 [ERROR] devolución procesada
2026-04-13 05:23:33 [ERROR] pago rechazado
2026-03-08 16:48:58 [WARNING] pago rechazado
2026-03-13 05:41:35 [ERROR] stock bajo
2026-03-27 22:26:42 [ERROR] devolución procesada
2026-02-21 17:57:19 [ERROR] venta realizada
2026-04-05 05:58:30 [INFO] stock bajo
2026-03-02 06:59:37 [ERROR] pago rechazado
2026-05-08 19:35:59 [WARNING] devolución procesada
2026-03-12 19:18:24 [WARNING] venta realizada
2026-01-24 04:57:17 [INFO] devolución procesada
2026-02-18 16:12:50 [WARNING] devolución procesada
2026-03-02 19:59:30 [WARNING] stock bajo
2026-03-27 18:56:13 [INFO] stock bajo
2026-03-12 19:38:28 [ERROR] stock bajo
2026-02-16 08:47:55 [ERROR] devolución procesada
2026-03-13 04:00:06 [INFO] stock bajo
2026-01-30 01:34:35 [INFO] devolución procesada
2026-03-21 00:37:47 [ERROR] venta realizada
2026-03-04 11:25:46 [WARNING] stock bajo
2026-02-16 05:09:56 [ERROR] venta realizada
2026-05-11 01:33:35 [ERROR] pago rechazado
2026-05-01 04:31:17 [WARNING] pago rechazado
2026-04-15 12:13:01 [ERROR] stock bajo
2026-03-22 10:50:24 [INFO] pago rechazado
2026-03-06 03:42:49 [WARNING] pago rechazado
2026-02-22 10:07:36 [WARNING] stock bajo
2026-01-24 05:00:43 [ERROR] stock bajo
2026-02-19 18:46:55 [ERROR] devolución procesada
2026-04-18 04:25:21 [ERROR] devolución procesada
2026-04-14 03:13:00 [WARNING] pago rechazado
2026-03-20 22:21:56 [INFO] stock bajo
2026-02-14 06:55:29 [WARNING] stock bajo
2026-02-15 17:31:27 [ERROR] devolución procesada
2026-03-27 10:36:06 [WARNING] stock bajo
2026-01-29 08:18:15 [INFO] venta realizada
2026-01-20 05:59:34 [INFO] venta realizada
2026-04-16 16:24:30 [WARNING] pago rechazado
2026-02-27 10:16:48 [INFO] devolución procesada
2026-03-16 12:56:51 [WARNING] devolución procesada
2026-02-03 14:31:38 [ERROR] devolución procesada
2026-03-06 11:29:53 [INFO] stock bajo
2026-05-05 15:55:59 [WARNING] pago rechazado
2026-03-27 17:28:17 [INFO] stock bajo
2026-03-02 14:38:11 [WARNING] venta realizada
2026-01-18 19:44:08 [ERROR] pago rechazado
2026-05-01 21:17:18 [INFO] pago rechazado
2026-01-24 10:53:11 [ERROR] devolución procesada
2026-04-21 11:12:45 [INFO] pago rechazado
2026-03-18 06:18:33 [WARNING] devolución procesada
2026-03-27 05:58:46 [WARNING] pago rechazado
2026-03-02 13:17:45 [WARNING] stock bajo
2026-04-26 06:33:58 [ERROR] venta realizada
2026-04-30 09:50:01 [WARNING] pago rechazado
2026-04-15 12:04:10 [ERROR] stock bajo
2026-04-18 10:57:52 [INFO] venta realizada
2026-05-12 16:53:52 [WARNING] pago rechazado
2026-03-06 03:56:11 [ERROR] pago rechazado
2026-03-11 14:27:04 [WARNING] devolución procesada
2026-01-15 12:01:09 [INFO] stock bajo
2026-04-11 08:40:43 [WARNING] stock bajo
2026-04-29 23:05:10 [WARNING] pago rechazado
2026-05-08 01:32:25 [INFO] pago rechazado
2026-03-09 16:12:52 [INFO] pago rechazado
2026-04-17 10:39:49 [INFO] devolución procesada
2026-04-04 10:44:17 [WARNING] devolución procesada
2026-05-04 23:21:33 [WARNING] pago rechazado
2026-02-17 12:49:37 [WARNING] devolución procesada
2026-03-03 08:54:59 [ERROR] venta realizada
2026-03-12 04:50:58 [ERROR] venta realizada
2026-02-27 01:01:11 [WARNING] venta realizada
2026-03-07 02:53:14 [INFO] devolución procesada
2026-01-29 06:34:47 [INFO] venta realizada
2026-03-09 17:50:21 [WARNING] devolución procesada
2026-03-07 07:41:33 [WARNING] stock bajo
2026-04-18 10:13:44 [ERROR] pago rechazado
2026-01-23 12:54:37 [WARNING] devolución procesada
2026-03-16 03:47:42 [WARNING] pago rechazado
2026-02-14 03:40:54 [WARNING] pago rechazado
2026-03-17 22:09:39 [WARNING] devolución procesada
2026-01-23 04:22:15 [INFO] venta realizada
2026-02-19 06:59:02 [INFO] devolución procesada
2026-03-07 04:58:31 [ERROR] pago rechazado
2026-02-26 21:36:15 [ERROR] devolución procesada
2026-02-07 15:05:21 [WARNING] devolución procesada
2026-04-23 02:25:05 [INFO] pago rechazado
2026-03-27 07:48:48 [ERROR] pago rechazado
2026-01-29 08:08:03 [ERROR] devolución procesada
2026-04-11 21:27:34 [WARNING] pago rechazado
2026-01-21 16:18:18 [ERROR] stock bajo
2026-03-25 17:35:09 [WARNING] stock bajo
2026-03-31 07:12:20 [WARNING] stock bajo
2026-03-16 04:34:23 [INFO] venta realizada
2026-04-12 10:10:11 [INFO] stock bajo
2026-02-09 17:35:18 [INFO] devolución procesada
2026-03-05 03:50:37 [WARNING] venta realizada
2026-05-03 22:09:56 [WARNING] stock bajo
2026-01-17 01:55:42 [ERROR] devolución procesada
2026-02-28 17:01:19 [INFO] venta realizada
2026-03-16 03:48:39 [WARNING] venta realizada
2026-02-18 17:17:39 [ERROR] devolución procesada
2026-04-17 01:16:50 [ERROR] devolución procesada
2026-01-15 06:44:56 [ERROR] stock bajo
2026-04-07 05:05:23 [INFO] pago rechazado
2026-05-10 16:43:12 [ERROR] pago rechazado
2026-03-06 14:07:14 [WARNING] stock bajo
2026-03-07 03:33:24 [ERROR] pago rechazado
2026-04-29 16:26:09 [INFO] pago rechazado
2026-03-25 18:00:00 [WARNING] devolución procesada
2026-04-30 07:07:36 [WARNING] devolución procesada
2026-03-25 00:16:50 [WARNING] devolución procesada
2026-03-24 11:04:05 [INFO] stock bajo
2026-02-03 18:32:52 [INFO] venta realizada
2026-03-14 16:18:48 [WARNING] stock bajo
2026-03-11 23:03:55 [WARNING] venta realizada
2026-02-16 08:51:20 [ERROR] devolución procesada
2026-03-29 21:03:38 [ERROR] devolución procesada
2026-02-28 02:24:42 [WARNING] devolución procesada
2026-01-21 19:26:19 [ERROR] stock bajo
2026-05-10 06:16:52 [INFO] devolución procesada
2026-01-17 21:44:22 [INFO] stock bajo
2026-03-29 11:01:08 [ERROR] devolución procesada
2026-01-23 09:27:17 [WARNING] pago rechazado
2026-04-26 06:26:18 [ERROR] stock bajo
2026-04-02 22:51:55 [ERROR] devolución procesada
2026-04-22 07:25:44 [WARNING] devolución procesada
2026-02-14 12:08:17 [INFO] devolución procesada
2026-04-05 11:38:46 [INFO] venta realizada
2026-04-14 16:39:47 [INFO] stock bajo
2026-04-24 09:16:39 [ERROR] pago rechazado
2026-01-28 03:16:55 [WARNING] devolución procesada
2026-05-11 05:56:48 [INFO] pago rechazado
2026-03-21 15:32:52 [ERROR] venta realizada
2026-01-18 05:48:29 [WARNING] devolución procesada
2026-04-27 10:05:33 [WARNING] pago rechazado
2026-03-14 00:24:50 [ERROR] pago rechazado
2026-03-10 08:51:59 [WARNING] venta realizada
2026-01-20 02:33:25 [INFO] pago rechazado
2026-04-03 15:51:00 [INFO] devolución procesada
2026-04-08 00:28:50 [WARNING] devolución procesada
2026-02-19 14:05:34 [ERROR] venta realizada
2026-04-15 09:14:58 [INFO] venta realizada
2026-04-09 20:24:09 [INFO] stock bajo
2026-04-02 16:38:54 [ERROR] venta realizada
2026-04-21 14:03:33 [INFO] pago rechazado
2026-02-11 05:47:13 [INFO] pago rechazado
2026-03-01 19:10:10 [WARNING] venta realizada
2026-02-14 13:06:19 [ERROR] pago rechazado
2026-01-31 18:53:14 [WARNING] venta realizada
2026-05-11 04:59:32 [INFO] pago rechazado
2026-05-06 22:24:01 [ERROR] stock bajo
2026-01-25 02:56:47 [WARNING] devolución procesada
2026-01-26 23:35:46 [WARNING] pago rechazado
2026-04-12 08:54:38 [INFO] devolución procesada
2026-02-06 13:30:33 [ERROR] venta realizada
2026-03-19 22:31:31 [WARNING] devolución procesada
2026-04-17 21:03:30 [INFO] pago rechazado
2026-03-24 06:06:37 [INFO] devolución procesada
2026-04-10 14:07:00 [ERROR] devolución procesada
2026-01-28 09:53:56 [ERROR] pago rechazado
2026-02-17 21:28:31 [ERROR] devolución procesada
2026-03-30 12:13:32 [ERROR] venta realizada
2026-03-05 01:53:54 [WARNING] stock bajo
2026-02-25 07:13:34 [WARNING] venta realizada
2026-04-05 18:20:57 [ERROR] pago rechazado
2026-02-02 00:52:37 [ERROR] pago rechazado
2026-03-15 13:16:49 [ERROR] venta realizada
2026-03-21 15:26:57 [WARNING] venta realizada
2026-04-30 05:10:45 [ERROR] devolución procesada
2026-04-02 00:03:47 [WARNING] venta realizada
2026-04-22 22:09:48 [WARNING] venta realizada
2026-03-04 20:21:46 [INFO] stock bajo
2026-03-09 11:12:20 [INFO] stock bajo
2026-02-26 05:22:41 [INFO] stock bajo
2026-04-30 20:42:10 [WARNING] pago rechazado
2026-02-28 19:48:04 [ERROR] venta realizada
2026-01-31 16:46:03 [INFO] devolución procesada
2026-04-15 10:06:45 [INFO] pago rechazado
2026-04-30 06:45:29 [WARNING] stock bajo
2026-05-07 11:00:10 [INFO] venta realizada
2026-01-28 08:24:06 [ERROR] devolución procesada
2026-02-02 00:19:41 [ERROR] stock bajo
2026-03-31 21:15:25 [WARNING] stock bajo
2026-03-08 14:55:06 [INFO] stock bajo
2026-03-31 20:57:57 [INFO] stock bajo
2026-02-23 23:19:25 [WARNING] devolución procesada
2026-04-18 04:03:11 [INFO] stock bajo
2026-03-28 07:46:03 [ERROR] venta realizada
2026-05-09 18:53:18 [ERROR] pago rechazado
2026-01-15 03:26:46 [INFO] pago rechazado
2026-01-24 17:29:58 [WARNING] stock bajo
2026-02-10 21:27:50 [INFO] venta realizada
2026-04-21 00:43:08 [WARNING] stock bajo
2026-04-17 03:20:46 [ERROR] stock bajo
2026-02-25 03:03:50 [WARNING] stock bajo
2026-02-11 17:00:40 [ERROR] devolución procesada
2026-01-24 08:45:30 [WARNING] pago rechazado
2026-04-08 09:22:14 [INFO] venta realizada
2026-04-08 08:31:23 [WARNING] devolución procesada
2026-03-01 09:45:44 [ERROR] stock bajo
2026-01-23 09:31:09 [WARNING] devolución procesada
2026-03-14 10:57:40 [INFO] pago rechazado
2026-02-07 22:17:40 [ERROR] pago rechazado
2026-01-15 21:38:13 [WARNING] stock bajo
2026-02-24 01:11:47 [WARNING] devolución procesada
2026-02-24 03:59:58 [ERROR] venta realizada
2026-03-31 15:00:29 [ERROR] devolución procesada
2026-04-12 09:33:01 [WARNING] devolución procesada
2026-02-06 03:35:50 [INFO] pago rechazado
2026-04-02 09:48:48 [INFO] pago rechazado
2026-03-02 15:12:30 [ERROR] devolución procesada
2026-01-22 15:45:25 [ERROR] devolución procesada
2026-04-09 19:07:08 [INFO] devolución procesada
2026-01-14 08:21:56 [WARNING] stock bajo
2026-03-20 03:47:59 [ERROR] pago rechazado
2026-02-11 23:07:23 [ERROR] devolución procesada
2026-02-09 07:50:48 [WARNING] stock bajo
2026-04-28 05:02:15 [ERROR] stock bajo
2026-02-05 05:03:09 [WARNING] devolución procesada
2026-03-28 21:36:30 [INFO] pago rechazado
2026-02-11 15:23:05 [WARNING] pago rechazado
2026-03-28 23:29:20 [WARNING] pago rechazado
2026-04-07 16:45:09 [INFO] devolución procesada
2026-03-14 11:03:10 [INFO] pago rechazado
2026-04-24 16:30:12 [INFO] devolución procesada
2026-04-30 23:47:21 [INFO] stock bajo
2026-05-11 00:06:35 [WARNING] devolución procesada
2026-02-02 05:13:00 [ERROR] devolución procesada
2026-01-16 16:46:10 [INFO] devolución procesada
2026-02-05 03:51:30 [WARNING] pago rechazado
2026-05-04 06:40:28 [ERROR] pago rechazado
2026-05-05 20:36:51 [ERROR] devolución procesada
2026-05-07 18:30:36 [WARNING] devolución procesada
2026-05-08 14:15:57 [WARNING] pago rechazado
2026-04-20 17:10:46 [ERROR] devolución procesada
2026-04-24 22:26:24 [WARNING] venta realizada
2026-04-05 16:44:23 [WARNING] devolución procesada
2026-01-26 15:18:35 [WARNING] pago rechazado
2026-01-23 17:00:07 [ERROR] pago rechazado
2026-01-30 09:15:30 [INFO] venta realizada
2026-04-24 15:37:42 [ERROR] pago rechazado
2026-05-05 08:06:09 [ERROR] devolución procesada
2026-03-04 15:17:44 [ERROR] devolución procesada
2026-02-12 10:38:27 [WARNING] venta realizada
2026-01-31 23:37:08 [INFO] stock bajo
2026-01-18 11:39:22 [WARNING] stock bajo
2026-03-17 05:03:47 [ERROR] stock bajo
2026-01-24 12:54:39 [WARNING] venta realizada
2026-03-10 03:36:38 [WARNING] devolución procesada
2026-03-14 05:33:42 [ERROR] stock bajo
2026-04-27 20:07:02 [ERROR] pago rechazado
2026-01-25 16:33:32 [ERROR] stock bajo
2026-02-20 03:29:51 [INFO] venta realizada
2026-02-19 02:46:06 [INFO] devolución procesada
2026-05-05 10:27:42 [ERROR] stock bajo
2026-02-11 01:37:42 [INFO] venta realizada
2026-04-15 21:32:17 [ERROR] pago rechazado
2026-04-29 10:43:11 [ERROR] stock bajo
2026-05-05 20:36:06 [WARNING] pago rechazado
2026-05-06 20:19:08 [WARNING] pago rechazado
2026-01-15 18:15:04 [WARNING] devolución procesada
2026-03-07 03:04:53 [ERROR] venta realizada
2026-04-18 02:21:03 [INFO] venta realizada
2026-02-04 15:38:14 [INFO] pago rechazado
2026-03-10 11:02:17 [ERROR] pago rechazado
2026-03-02 15:37:00 [WARNING] stock bajo
2026-02-17 23:55:14 [WARNING] pago rechazado
2026-04-08 09:48:14 [ERROR] devolución procesada
2026-02-09 23:02:24 [WARNING] stock bajo
2026-04-03 23:43:37 [ERROR] devolución procesada
2026-02-24 21:35:00 [WARNING] venta realizada
2026-03-29 00:42:17 [INFO] pago rechazado
2026-02-18 15:30:28 [ERROR] pago rechazado
2026-04-21 08:20:16 [ERROR] pago rechazado
2026-02-06 17:36:24 [ERROR] pago rechazado
2026-05-01 03:31:16 [WARNING] devolución procesada
2026-01-29 08:52:58 [WARNING] pago rechazado
2026-01-21 18:05:16 [INFO] venta realizada
2026-02-03 06:40:56 [ERROR] stock bajo
2026-04-21 10:23:26 [ERROR] stock bajo
2026-02-02 05:30:24 [INFO] devolución procesada
2026-04-07 09:15:31 [WARNING] pago rechazado
2026-05-02 04:35:23 [ERROR] devolución procesada
2026-03-24 07:04:59 [WARNING] venta realizada
2026-02-18 02:46:54 [WARNING] venta realizada
2026-02-05 11:16:41 [WARNING] stock bajo
2026-02-14 21:43:15 [WARNING] venta realizada
2026-02-25 20:02:12 [ERROR] devolución procesada
2026-04-28 14:02:52 [INFO] devolución procesada
2026-04-25 12:13:58 [INFO] venta realizada
2026-01-19 02:52:21 [ERROR] pago rechazado
2026-03-30 08:30:35 [ERROR] venta realizada
2026-04-02 17:08:42 [ERROR] devolución procesada
2026-02-28 14:46:19 [WARNING] stock bajo
2026-01-15 09:39:42 [WARNING] stock bajo
2026-04-06 12:20:23 [WARNING] devolución procesada
2026-04-12 19:06:05 [WARNING] pago rechazado
2026-02-02 18:55:41 [WARNING] stock bajo
2026-02-28 18:20:01 [WARNING] venta realizada
2026-02-05 11:20:14 [ERROR] venta realizada
2026-04-17 19:02:08 [WARNING] devolución procesada
2026-03-26 22:02:19 [ERROR] devolución procesada
2026-03-16 01:48:09 [WARNING] pago rechazado
2026-04-15 22:04:22 [INFO] devolución procesada
2026-03-26 07:42:37 [WARNING] venta realizada
2026-05-08 10:38:03 [ERROR] stock bajo
2026-05-06 11:05:52 [INFO] venta realizada
2026-03-11 07:06:32 [WARNING] stock bajo
2026-03-06 06:51:03 [INFO] stock bajo
2026-01-15 19:02:08 [INFO] venta realizada
2026-03-24 17:35:42 [ERROR] pago rechazado
2026-01-14 10:49:31 [WARNING] devolución procesada
2026-03-21 04:28:38 [WARNING] devolución procesada
2026-02-23 10:58:41 [INFO] devolución procesada
2026-01-27 16:19:22 [WARNING] pago rechazado
2026-01-28 13:20:09 [ERROR] pago rechazado
2026-01-13 18:06:19 [ERROR] devolución procesada
2026-02-07 15:40:27 [ERROR] venta realizada
2026-02-03 13:02:49 [ERROR] pago rechazado
2026-05-09 23:42:21 [WARNING] venta realizada
2026-02-23 12:06:22 [WARNING] stock bajo
2026-03-08 21:20:22 [INFO] devolución procesada
2026-05-04 21:31:26 [ERROR] pago rechazado
2026-03-11 17:58:08 [INFO] stock bajo
2026-03-14 22:43:37 [WARNING] stock bajo
2026-01-25 14:57:29 [ERROR] stock bajo
2026-01-20 01:09:22 [ERROR] pago rechazado
2026-04-12 04:07:10 [INFO] devolución procesada
2026-05-11 18:15:11 [ERROR] devolución procesada
2026-03-18 07:38:43 [ERROR] venta realizada
2026-04-29 13:47:55 [WARNING] venta realizada
2026-02-08 11:38:22 [INFO] venta realizada
2026-02-07 20:36:19 [WARNING] devolución procesada
2026-03-15 05:26:48 [WARNING] venta realizada
2026-03-19 06:53:47 [WARNING] venta realizada
2026-01-22 15:42:03 [WARNING] stock bajo
2026-02-14 02:03:17 [ERROR] pago rechazado
2026-04-20 03:51:20 [INFO] pago rechazado
2026-02-14 21:59:33 [INFO] stock bajo
2026-03-19 14:08:10 [ERROR] venta realizada
2026-02-14 07:58:52 [WARNING] stock bajo
2026-01-15 23:10:36 [ERROR] devolución procesada
2026-03-06 19:18:10 [WARNING] devolución procesada
2026-04-16 01:46:27 [WARNING] pago rechazado
2026-02-03 23:53:41 [INFO] devolución procesada
2026-04-19 03:31:18 [WARNING] venta realizada
2026-02-08 17:23:25 [INFO] stock bajo
2026-02-02 02:14:13 [ERROR] venta realizada
2026-03-30 04:35:48 [WARNING] stock bajo
2026-03-14 20:45:01 [ERROR] venta realizada
2026-03-06 04:39:49 [ERROR] devolución procesada
2026-04-28 19:23:39 [ERROR] venta realizada
2026-03-17 00:50:05 [ERROR] pago rechazado
2026-03-04 14:00:43 [INFO] stock bajo
2026-02-06 05:24:14 [INFO] venta realizada
2026-03-18 10:56:06 [ERROR] pago rechazado
2026-04-23 03:04:37 [WARNING] pago rechazado
2026-04-22 21:31:55 [WARNING] venta realizada
2026-03-06 19:05:48 [ERROR] devolución procesada
2026-02-12 14:56:28 [ERROR] stock bajo
2026-03-11 23:40:13 [WARNING] venta realizada
2026-01-30 13:44:06 [INFO] devolución procesada
2026-01-30 09:44:59 [WARNING] devolución procesada
2026-02-20 02:07:20 [WARNING] devolución procesada
2026-01-14 07:08:43 [WARNING] pago rechazado
2026-04-09 06:16:58 [ERROR] devolución procesada
2026-05-03 09:00:26 [INFO] devolución procesada
2026-04-20 09:12:18 [WARNING] venta realizada
2026-02-24 14:09:27 [INFO] devolución procesada
2026-05-11 01:24:08 [ERROR] venta realizada
2026-01-29 06:55:27 [INFO] devolución procesada
2026-03-20 03:09:23 [ERROR] venta realizada
2026-03-20 03:33:36 [INFO] stock bajo
2026-03-28 00:41:10 [INFO] pago rechazado
2026-02-01 06:03:29 [WARNING] devolución procesada
2026-03-09 00:15:46 [WARNING] stock bajo
2026-02-02 19:36:35 [ERROR] devolución procesada
2026-04-11 04:32:26 [WARNING] devolución procesada
2026-02-10 04:38:27 [ERROR] pago rechazado
2026-01-25 02:04:03 [INFO] devolución procesada
2026-04-29 07:53:17 [ERROR] devolución procesada
2026-03-03 19:04:09 [INFO] pago rechazado
2026-01-29 03:00:18 [INFO] pago rechazado
2026-04-21 23:11:05 [WARNING] stock bajo
2026-02-06 19:30:03 [INFO] devolución procesada
2026-04-10 00:31:19 [INFO] pago rechazado
2026-03-15 16:03:57 [WARNING] stock bajo
2026-04-06 14:29:02 [WARNING] venta realizada
2026-01-20 08:51:27 [WARNING] pago rechazado
2026-03-07 02:56:21 [ERROR] pago rechazado
2026-03-02 10:41:54 [ERROR] devolución procesada
2026-03-01 04:00:50 [WARNING] pago rechazado
2026-03-27 18:00:49 [INFO] pago rechazado
2026-03-19 05:14:11 [ERROR] stock bajo
2026-04-15 23:53:39 [INFO] devolución procesada
2026-01-17 06:52:30 [INFO] stock bajo
2026-04-02 02:07:21 [WARNING] stock bajo
2026-02-28 14:17:49 [INFO] stock bajo
2026-02-04 10:45:35 [WARNING] pago rechazado
2026-04-04 08:56:12 [WARNING] devolución procesada
2026-04-14 12:36:27 [ERROR] stock bajo
2026-04-17 18:18:16 [WARNING] stock bajo
2026-01-23 19:24:14 [WARNING] devolución procesada
2026-02-17 15:53:54 [ERROR] devolución procesada
2026-03-27 20:28:58 [INFO] venta realizada
2026-01-15 03:02:30 [WARNING] devolución procesada
2026-01-26 03:33:53 [INFO] venta realizada
2026-03-19 21:54:34 [ERROR] pago rechazado
2026-02-06 17:12:30 [WARNING] stock bajo
2026-04-22 14:01:17 [ERROR] pago rechazado
2026-03-18 13:28:55 [INFO] pago rechazado
2026-03-06 04:55:59 [INFO] venta realizada
2026-04-14 03:29:13 [ERROR] devolución procesada
2026-03-07 15:53:05 [INFO] pago rechazado
2026-01-14 08:09:52 [INFO] stock bajo
2026-05-11 14:13:23 [INFO] devolución procesada
2026-05-12 11:41:48 [ERROR] stock bajo
2026-02-01 23:55:18 [INFO] devolución procesada
2026-04-02 23:18:06 [ERROR] venta realizada
2026-03-04 06:48:22 [INFO] venta realizada
2026-03-28 16:52:44 [ERROR] venta realizada
2026-04-08 07:18:45 [INFO] stock bajo
2026-04-19 15:13:27 [ERROR] devolución procesada
2026-05-07 11:09:09 [ERROR] venta realizada
2026-05-09 06:51:56 [INFO] venta realizada
2026-02-23 19:16:58 [WARNING] venta realizada
2026-02-01 23:49:51 [INFO] stock bajo
2026-02-06 21:10:55 [ERROR] venta realizada
2026-03-23 09:50:55 [INFO] pago rechazado
2026-03-20 08:24:58 [INFO] venta realizada
2026-01-19 06:13:15 [INFO] stock bajo
2026-03-18 03:01:16 [ERROR] devolución procesada
2026-03-07 11:48:54 [WARNING] pago rechazado
2026-05-09 16:30:29 [WARNING] venta realizada
2026-02-15 21:07:00 [WARNING] pago rechazado
2026-03-02 23:48:39 [INFO] venta realizada
2026-05-11 08:49:16 [WARNING] pago rechazado
2026-04-10 07:38:47 [WARNING] stock bajo
2026-03-01 15:17:04 [ERROR] stock bajo
2026-04-13 14:47:47 [ERROR] pago rechazado
2026-03-26 01:56:55 [WARNING] stock bajo
2026-02-06 06:33:21 [ERROR] devolución procesada
2026-03-25 04:51:49 [ERROR] devolución procesada
2026-04-16 07:10:26 [INFO] stock bajo
2026-02-24 08:09:19 [WARNING] venta realizada
2026-01-26 10:03:51 [INFO] venta realizada
2026-03-28 14:11:39 [ERROR] devolución procesada
2026-01-26 21:29:26 [INFO] venta realizada
2026-03-24 01:27:58 [WARNING] devolución procesada
2026-05-06 19:46:35 [INFO] stock bajo
2026-02-02 15:10:22 [WARNING] devolución procesada
2026-03-21 18:01:48 [ERROR] stock bajo
2026-04-29 19:22:39 [WARNING] pago rechazado
2026-04-22 12:46:29 [INFO] venta realizada
2026-02-25 08:54:24 [ERROR] pago rechazado
2026-05-03 17:12:20 [ERROR] devolución procesada
2026-02-24 15:59:23 [ERROR] stock bajo
2026-03-21 15:05:30 [INFO] stock bajo
2026-04-14 14:31:45 [INFO] venta realizada
2026-01-22 19:04:37 [ERROR] devolución procesada
2026-02-11 22:38:37 [WARNING] venta realizada
2026-02-16 12:05:12 [WARNING] pago rechazado
2026-03-29 05:55:04 [INFO] devolución procesada
2026-04-15 04:55:27 [WARNING] stock bajo
2026-04-05 10:55:10 [INFO] pago rechazado
2026-04-18 09:35:34 [ERROR] devolución procesada
2026-03-24 04:04:17 [WARNING] pago rechazado
2026-02-21 23:48:08 [WARNING] pago rechazado
2026-02-23 12:56:04 [INFO] devolución procesada
2026-03-10 03:02:12 [ERROR] pago rechazado
2026-04-23 01:11:42 [ERROR] stock bajo
2026-01-13 15:17:12 [WARNING] stock bajo
2026-02-18 22:03:51 [WARNING] devolución procesada
2026-02-14 22:09:25 [INFO] devolución procesada
2026-04-08 07:53:13 [ERROR] devolución procesada
2026-05-08 22:13:14 [ERROR] devolución procesada
2026-02-09 12:30:32 [WARNING] devolución procesada
2026-02-03 21:42:11 [ERROR] pago rechazado
2026-04-10 23:57:44 [ERROR] pago rechazado
2026-01-30 19:09:22 [WARNING] devolución procesada
2026-03-29 19:31:53 [WARNING] devolución procesada
2026-03-01 23:31:49 [WARNING] devolución procesada
2026-02-26 19:14:40 [ERROR] venta realizada
2026-01-14 01:55:44 [INFO] stock bajo
2026-02-05 11:25:54 [WARNING] venta realizada
2026-03-22 22:52:40 [INFO] stock bajo
2026-04-25 06:28:36 [ERROR] stock bajo
2026-04-22 02:29:23 [INFO] pago rechazado
2026-01-25 07:38:07 [INFO] devolución procesada
2026-03-02 09:17:43 [ERROR] stock bajo
2026-04-01 15:25:30 [ERROR] devolución procesada
2026-04-23 12:21:09 [WARNING] stock bajo
2026-02-02 00:30:08 [ERROR] devolución procesada
2026-04-20 03:59:36 [INFO] venta realizada
2026-02-27 20:08:35 [INFO] devolución procesada
2026-03-01 10:47:34 [WARNING] venta realizada
2026-03-10 12:47:04 [INFO] devolución procesada
2026-04-21 10:20:43 [ERROR] stock bajo
2026-03-30 20:05:16 [INFO] venta realizada
2026-03-17 21:56:41 [INFO] pago rechazado
2026-02-15 14:22:00 [WARNING] venta realizada
2026-03-13 02:18:14 [WARNING] venta realizada
2026-02-03 23:02:21 [ERROR] venta realizada
2026-05-09 12:23:23 [ERROR] devolución procesada
2026-02-28 22:58:26 [ERROR] devolución procesada
2026-02-25 11:08:40 [WARNING] venta realizada
2026-02-08 15:11:13 [INFO] pago rechazado
2026-02-18 23:11:38 [ERROR] pago rechazado
2026-03-08 18:15:50 [ERROR] pago rechazado
2026-02-26 20:07:07 [WARNING] stock bajo
2026-04-20 03:09:14 [INFO] pago rechazado
2026-01-19 07:07:35 [ERROR] stock bajo
2026-02-14 06:33:23 [ERROR] stock bajo
2026-02-10 02:18:17 [INFO] devolución procesada
2026-04-09 11:28:19 [INFO] venta realizada
2026-04-11 07:10:57 [INFO] pago rechazado
2026-01-25 14:45:19 [ERROR] devolución procesada
2026-04-08 23:49:38 [WARNING] devolución procesada
2026-03-20 17:47:37 [WARNING] devolución procesada
2026-03-27 01:45:33 [ERROR] devolución procesada
2026-04-05 15:33:40 [ERROR] stock bajo
2026-02-17 16:36:58 [INFO] venta realizada
2026-03-31 00:18:31 [INFO] devolución procesada
2026-01-21 14:13:21 [WARNING] stock bajo
2026-03-06 17:49:52 [INFO] devolución procesada
2026-03-28 05:52:24 [ERROR] devolución procesada
2026-02-27 10:45:56 [ERROR] devolución procesada
2026-05-04 09:09:32 [INFO] pago rechazado
2026-04-06 00:01:09 [ERROR] pago rechazado
2026-01-26 19:04:15 [WARNING] stock bajo
2026-03-14 19:53:47 [WARNING] pago rechazado
2026-03-05 21:55:03 [WARNING] venta realizada
2026-01-28 17:09:07 [ERROR] pago rechazado
2026-03-18 17:46:43 [WARNING] devolución procesada
2026-04-27 10:27:31 [ERROR] pago rechazado
2026-02-27 22:49:07 [ERROR] pago rechazado
2026-03-19 03:50:19 [WARNING] devolución procesada
2026-01-23 21:34:26 [INFO] pago rechazado
2026-04-26 18:01:06 [INFO] pago rechazado
2026-03-06 03:43:51 [INFO] devolución procesada
2026-03-23 02:06:48 [WARNING] venta realizada
2026-04-05 17:27:51 [INFO] devolución procesada
2026-03-29 10:23:43 [WARNING] devolución procesada
2026-02-23 00:55:20 [ERROR] venta realizada
2026-02-26 13:42:39 [WARNING] devolución procesada
2026-04-09 14:04:36 [WARNING] venta realizada
2026-02-14 14:46:25 [INFO] devolución procesada
2026-01-17 06:39:58 [ERROR] pago rechazado
2026-03-10 12:00:41 [WARNING] stock bajo
2026-04-09 19:40:46 [ERROR] stock bajo
2026-05-04 16:05:10 [INFO] stock bajo
2026-04-25 03:57:00 [WARNING] pago rechazado
2026-05-11 18:31:41 [ERROR] venta realizada
2026-03-01 07:38:59 [ERROR] devolución procesada
2026-03-16 15:50:45 [INFO] stock bajo
2026-02-19 23:37:24 [WARNING] devolución procesada
2026-02-22 08:23:00 [INFO] pago rechazado
2026-03-28 22:57:29 [WARNING] venta realizada
2026-03-01 18:43:27 [INFO] pago rechazado
2026-05-06 20:01:55 [ERROR] pago rechazado
2026-03-10 11:42:30 [WARNING] venta realizada
2026-03-28 01:51:12 [ERROR] pago rechazado
2026-01-23 03:48:15 [ERROR] venta realizada
2026-04-12 04:32:37 [ERROR] venta realizada
2026-01-19 12:07:46 [INFO] venta realizada
2026-04-04 10:37:17 [INFO] devolución procesada
2026-01-29 18:30:09 [ERROR] stock bajo
2026-02-26 13:30:46 [ERROR] stock bajo
2026-02-27 03:33:49 [INFO] stock bajo
2026-04-07 22:24:54 [ERROR] devolución procesada
2026-02-05 14:21:37 [WARNING] pago rechazado
2026-04-15 04:11:35 [WARNING] devolución procesada
2026-03-20 11:34:28 [ERROR] stock bajo
2026-02-24 09:14:12 [WARNING] pago rechazado
2026-02-14 01:20:33 [ERROR] devolución procesada
2026-01-26 02:41:02 [WARNING] devolución procesada
2026-02-09 02:47:15 [INFO] stock bajo
2026-05-10 01:05:33 [WARNING] stock bajo
2026-02-27 08:41:49 [WARNING] devolución procesada
2026-03-22 23:57:07 [INFO] devolución procesada
2026-04-06 13:49:23 [INFO] venta realizada
2026-01-13 03:46:52 [ERROR] devolución procesada
2026-03-03 01:59:58 [INFO] venta realizada
2026-02-05 13:12:48 [ERROR] devolución procesada
2026-03-04 17:36:58 [ERROR] venta realizada
2026-01-27 10:38:51 [INFO] venta realizada
2026-03-18 06:27:37 [WARNING] stock bajo
2026-01-14 10:55:31 [INFO] pago rechazado
2026-04-27 04:29:25 [INFO] devolución procesada
2026-03-09 13:04:33 [INFO] pago rechazado
2026-03-31 00:21:14 [ERROR] pago rechazado
2026-03-01 18:21:11 [WARNING] devolución procesada
2026-04-20 01:04:44 [ERROR] venta realizada
2026-02-18 20:49:08 [WARNING] stock bajo
2026-04-15 02:56:30 [INFO] devolución procesada
2026-01-25 09:34:14 [WARNING] venta realizada
2026-02-01 14:52:52 [WARNING] stock bajo
2026-03-02 03:29:57 [INFO] venta realizada
2026-04-03 03:12:59 [ERROR] devolución procesada
2026-03-05 03:44:49 [INFO] devolución procesada
2026-03-04 20:58:20 [WARNING] devolución procesada
2026-02-14 06:52:44 [INFO] stock bajo
2026-02-20 02:23:00 [INFO] pago rechazado
2026-01-31 13:09:48 [WARNING] devolución procesada
2026-05-04 18:57:04 [INFO] stock bajo
2026-02-23 10:04:57 [ERROR] pago rechazado
2026-03-14 02:56:12 [INFO] devolución procesada
2026-03-06 04:26:36 [INFO] venta realizada
2026-01-17 06:30:46 [INFO] devolución procesada
2026-03-02 09:54:06 [WARNING] devolución procesada
2026-01-13 11:42:55 [ERROR] venta realizada
2026-03-28 04:09:16 [ERROR] pago rechazado
2026-04-21 01:01:12 [ERROR] devolución procesada
2026-04-22 11:35:41 [ERROR] pago rechazado
2026-02-24 12:21:02 [WARNING] stock bajo
2026-03-10 10:39:40 [ERROR] devolución procesada
2026-03-21 00:10:14 [INFO] venta realizada
2026-01-22 08:12:02 [INFO] venta realizada
2026-05-07 11:47:08 [ERROR] pago rechazado
2026-04-22 10:53:29 [ERROR] stock bajo
2026-05-10 16:09:31 [INFO] pago rechazado
2026-04-10 04:50:02 [WARNING] devolución procesada
2026-04-24 06:41:49 [INFO] pago rechazado
2026-03-13 02:33:22 [INFO] pago rechazado
2026-04-28 12:26:08 [ERROR] pago rechazado
2026-02-24 13:54:28 [ERROR] stock bajo
2026-02-12 23:16:58 [INFO] pago rechazado
2026-03-08 18:28:23 [ERROR] pago rechazado
2026-03-20 04:52:22 [INFO] stock bajo
2026-05-06 20:26:10 [INFO] venta realizada
2026-01-19 22:50:37 [WARNING] devolución procesada
2026-03-08 03:44:28 [INFO] pago rechazado
2026-03-04 01:29:50 [INFO] venta realizada
2026-04-15 03:06:02 [ERROR] pago rechazado
2026-04-18 17:03:14 [ERROR] pago rechazado
2026-04-17 14:31:18 [WARNING] stock bajo
2026-04-20 03:34:13 [ERROR] stock bajo
2026-04-17 10:50:49 [INFO] devolución procesada
2026-02-06 04:32:16 [WARNING] devolución procesada
2026-03-19 23:54:44 [WARNING] stock bajo
2026-02-11 10:52:56 [ERROR] venta realizada
2026-05-07 05:53:58 [WARNING] pago rechazado
2026-04-18 08:07:40 [ERROR] pago rechazado
2026-01-26 23:58:15 [INFO] stock bajo
2026-05-10 01:35:13 [ERROR] venta realizada
2026-04-23 18:41:09 [WARNING] venta realizada
2026-03-11 08:42:04 [INFO] venta realizada
2026-01-28 04:30:23 [INFO] venta realizada
2026-02-23 14:54:18 [INFO] devolución procesada
2026-04-27 00:25:41 [INFO] stock bajo
2026-04-29 09:10:32 [INFO] venta realizada
2026-04-08 07:17:44 [INFO] stock bajo
2026-05-08 03:26:27 [INFO] devolución procesada
2026-02-03 00:35:18 [WARNING] venta realizada
2026-04-09 23:23:50 [INFO] venta realizada
2026-04-07 10:13:01 [INFO] venta realizada
2026-03-11 00:49:02 [ERROR] devolución procesada
2026-03-29 13:29:32 [WARNING] stock bajo
2026-01-21 14:11:21 [INFO] venta realizada
2026-03-12 08:51:54 [ERROR] pago rechazado
2026-02-26 02:53:59 [INFO] pago rechazado
2026-01-31 10:19:45 [ERROR] venta realizada
2026-03-02 11:37:02 [WARNING] venta realizada
2026-03-01 12:02:09 [ERROR] devolución procesada
2026-04-27 00:28:11 [ERROR] stock bajo
2026-01-20 22:46:41 [INFO] pago rechazado
2026-04-09 02:07:11 [ERROR] venta realizada
2026-05-03 09:08:53 [WARNING] stock bajo
2026-03-09 17:17:52 [WARNING] stock bajo
2026-03-26 06:10:17 [WARNING] stock bajo
2026-01-17 01:05:20 [ERROR] devolución procesada
2026-01-31 16:24:19 [ERROR] stock bajo
2026-04-25 08:14:22 [WARNING] venta realizada
2026-05-05 21:43:03 [ERROR] stock bajo
2026-04-27 22:54:36 [INFO] stock bajo
2026-03-31 03:09:51 [INFO] pago rechazado
2026-01-29 17:23:49 [WARNING] devolución procesada
2026-02-25 20:13:02 [INFO] pago rechazado
2026-04-22 08:12:35 [WARNING] venta realizada
2026-04-04 16:16:31 [ERROR] devolución procesada
2026-02-11 19:54:50 [WARNING] pago rechazado
2026-04-29 09:48:40 [INFO] pago rechazado
2026-03-20 07:14:30 [INFO] pago rechazado
2026-05-07 03:13:04 [WARNING] pago rechazado
2026-02-08 19:12:26 [ERROR] devolución procesada
2026-04-14 16:00:53 [ERROR] stock bajo
2026-05-11 09:36:29 [WARNING] venta realizada
2026-04-18 08:55:56 [INFO] venta realizada
2026-04-01 10:22:05 [WARNING] pago rechazado
2026-02-18 09:51:58 [INFO] stock bajo
2026-04-12 00:49:17 [WARNING] venta realizada
2026-04-27 15:29:25 [INFO] pago rechazado
2026-03-28 02:53:03 [WARNING] pago rechazado
2026-04-28 13:40:22 [ERROR] stock bajo
2026-03-29 11:56:16 [ERROR] devolución procesada
2026-03-18 20:41:57 [WARNING] venta realizada
2026-01-13 22:00:49 [INFO] devolución procesada
2026-03-26 06:44:56 [ERROR] stock bajo
2026-04-30 00:22:59 [INFO] devolución procesada
2026-05-03 11:31:01 [INFO] stock bajo
2026-04-16 23:03:03 [INFO] stock bajo
2026-04-26 23:32:09 [ERROR] pago rechazado
2026-01-13 18:23:38 [INFO] devolución procesada
2026-04-13 20:21:28 [WARNING] venta realizada
2026-03-02 04:26:10 [ERROR] stock bajo
2026-01-30 17:40:13 [INFO] stock bajo
2026-01-16 05:35:24 [WARNING] devolución procesada
2026-03-22 15:01:58 [INFO] pago rechazado
2026-02-21 08:18:35 [WARNING] devolución procesada
2026-04-24 10:55:35 [ERROR] pago rechazado
2026-04-03 08:08:30 [WARNING] pago rechazado
2026-05-07 16:38:11 [WARNING] stock bajo
2026-01-30 14:21:04 [WARNING] pago rechazado
2026-02-14 03:15:06 [INFO] pago rechazado
2026-02-12 02:31:56 [WARNING] devolución procesada
2026-04-11 15:25:00 [INFO] stock bajo
2026-04-11 00:14:56 [INFO] pago rechazado
2026-03-18 09:08:10 [ERROR] venta realizada
2026-02-23 13:34:58 [ERROR] stock bajo
2026-04-23 05:17:50 [ERROR] pago rechazado
2026-04-13 15:28:29 [ERROR] devolución procesada
2026-02-06 06:59:06 [ERROR] stock bajo
2026-03-03 23:36:41 [WARNING] devolución procesada
2026-03-24 08:36:21 [ERROR] venta realizada
2026-03-08 10:49:20 [ERROR] venta realizada
2026-05-03 00:35:36 [WARNING] venta realizada
2026-01-27 09:57:34 [INFO] stock bajo
2026-02-24 00:47:08 [INFO] pago rechazado
2026-04-12 04:57:41 [ERROR] pago rechazado
2026-02-14 11:50:16 [ERROR] devolución procesada
2026-01-13 18:06:47 [ERROR] stock bajo
2026-02-23 09:33:41 [INFO] venta realizada
2026-03-13 02:30:37 [INFO] devolución procesada
2026-03-14 15:21:30 [ERROR] pago rechazado
2026-04-28 19:19:01 [ERROR] stock bajo
2026-02-17 07:02:05 [INFO] devolución procesada
2026-04-24 19:16:34 [ERROR] venta realizada
2026-04-28 19:17:00 [ERROR] venta realizada
2026-01-14 01:37:09 [INFO] stock bajo
2026-04-13 04:00:19 [INFO] venta realizada
2026-02-18 03:02:59 [INFO] devolución procesada
2026-03-25 16:33:05 [WARNING] stock bajo
2026-02-20 22:26:21 [ERROR] devolución procesada
2026-05-08 05:30:48 [WARNING] pago rechazado
2026-04-29 21:02:54 [ERROR] venta realizada
2026-03-05 08:10:26 [ERROR] stock bajo
2026-04-27 16:50:54 [INFO] venta realizada
2026-04-07 10:35:35 [WARNING] stock bajo
2026-03-15 00:39:59 [INFO] pago rechazado
2026-02-08 18:26:39 [WARNING] venta realizada
2026-02-23 09:54:40 [ERROR] devolución procesada
2026-04-27 10:59:26 [WARNING] venta realizada
2026-02-25 08:17:40 [WARNING] pago rechazado
2026-05-11 17:56:14 [WARNING] venta realizada
2026-01-23 07:47:03 [INFO] venta realizada
2026-02-26 01:49:31 [INFO] stock bajo
2026-02-15 01:49:46 [ERROR] stock bajo
2026-03-11 01:08:13 [INFO] devolución procesada
2026-05-05 18:10:30 [INFO] stock bajo
2026-04-15 15:23:08 [WARNING] stock bajo
2026-03-25 00:09:44 [WARNING] pago rechazado
2026-02-12 19:24:16 [ERROR] devolución procesada
2026-01-19 07:53:57 [INFO] venta realizada
2026-02-03 12:12:38 [INFO] pago rechazado
2026-03-28 10:14:24 [INFO] devolución procesada
2026-03-20 20:28:16 [ERROR] venta realizada
2026-01-14 18:35:22 [WARNING] pago rechazado
2026-05-09 18:04:17 [ERROR] devolución procesada
2026-01-26 01:09:56 [WARNING] pago rechazado
2026-02-10 18:12:07 [ERROR] stock bajo
2026-02-16 06:50:07 [ERROR] stock bajo
2026-01-20 12:22:49 [ERROR] stock bajo
2026-01-21 14:22:26 [INFO] pago rechazado
2026-04-09 19:36:48 [INFO] devolución procesada
2026-04-08 08:41:26 [INFO] pago rechazado
2026-02-15 22:12:48 [INFO] stock bajo
2026-02-28 17:09:08 [WARNING] pago rechazado
2026-05-03 21:54:51 [INFO] pago rechazado
2026-02-22 14:11:49 [INFO] stock bajo
2026-02-11 06:56:17 [WARNING] pago rechazado
2026-04-27 23:07:41 [ERROR] devolución procesada
2026-01-28 06:24:14 [WARNING] devolución procesada
2026-05-05 10:46:49 [ERROR] pago rechazado
2026-04-14 01:00:57 [WARNING] stock bajo
2026-04-30 05:43:42 [INFO] venta realizada
2026-04-02 00:05:23 [WARNING] stock bajo
2026-05-03 20:29:05 [WARNING] stock bajo
2026-02-02 21:32:25 [WARNING] pago rechazado
2026-04-01 03:19:44 [INFO] pago rechazado
2026-04-30 15:55:05 [WARNING] devolución procesada
2026-01-17 18:27:57 [WARNING] stock bajo
2026-03-30 15:57:26 [INFO] pago rechazado
2026-04-20 09:20:10 [ERROR] pago rechazado
2026-04-19 11:58:35 [ERROR] devolución procesada
2026-02-08 09:23:25 [ERROR] venta realizada
2026-04-25 14:55:33 [INFO] venta realizada
2026-03-03 07:36:50 [WARNING] devolución procesada
2026-04-25 21:26:58 [ERROR] stock bajo
2026-04-13 05:40:58 [ERROR] venta realizada
2026-05-04 10:51:26 [ERROR] stock bajo
2026-04-25 05:08:14 [WARNING] venta realizada
2026-04-12 13:39:48 [WARNING] pago rechazado
2026-05-10 03:16:09 [WARNING] stock bajo
2026-04-01 06:09:13 [INFO] pago rechazado
2026-05-05 17:58:08 [ERROR] pago rechazado
2026-03-16 21:05:30 [WARNING] venta realizada
2026-03-29 23:28:03 [INFO] devolución procesada
2026-04-22 12:55:48 [WARNING] venta realizada
2026-02-13 07:59:36 [INFO] devolución procesada
2026-02-17 18:43:38 [INFO] pago rechazado
2026-05-07 16:56:11 [ERROR] devolución procesada
2026-03-04 06:16:18 [INFO] stock bajo
2026-05-01 08:51:13 [ERROR] venta realizada
2026-03-05 05:29:42 [ERROR] devolución procesada
2026-02-17 21:07:38 [INFO] devolución procesada
2026-04-29 13:51:43 [WARNING] devolución procesada
2026-01-16 07:08:00 [INFO] devolución procesada
2026-02-26 23:01:15 [WARNING] venta realizada
2026-03-07 17:41:25 [WARNING] pago rechazado
2026-05-02 16:01:49 [INFO] stock bajo
2026-02-26 13:30:56 [INFO] stock bajo
2026-02-11 23:30:47 [WARNING] pago rechazado
2026-04-02 16:37:08 [WARNING] stock bajo
2026-04-04 20:09:40 [ERROR] pago rechazado
2026-01-25 05:56:22 [WARNING] devolución procesada
2026-03-11 00:14:46 [ERROR] venta realizada
2026-04-26 14:15:02 [INFO] pago rechazado
2026-01-20 21:15:05 [INFO] pago rechazado
2026-03-25 23:14:57 [ERROR] venta realizada
2026-03-05 04:44:30 [ERROR] devolución procesada
2026-03-31 22:56:22 [ERROR] pago rechazado
2026-03-23 15:19:30 [WARNING] pago rechazado
2026-01-16 02:33:15 [WARNING] devolución procesada
2026-03-22 02:16:07 [INFO] pago rechazado
2026-02-22 00:20:24 [INFO] venta realizada
2026-03-16 08:01:35 [INFO] pago rechazado
2026-04-11 01:38:09 [ERROR] devolución procesada
2026-02-23 12:07:07 [INFO] stock bajo
2026-04-05 03:35:54 [WARNING] venta realizada
2026-04-14 05:23:09 [INFO] stock bajo
2026-05-07 16:48:45 [ERROR] stock bajo
2026-02-20 07:23:50 [INFO] stock bajo
2026-02-12 04:00:57 [ERROR] venta realizada
2026-01-27 15:17:54 [INFO] stock bajo
2026-04-29 05:56:36 [INFO] devolución procesada
2026-02-09 02:22:13 [WARNING] devolución procesada
2026-01-18 02:54:27 [INFO] devolución procesada
2026-04-17 05:27:39 [ERROR] devolución procesada
2026-03-18 15:36:20 [INFO] pago rechazado
2026-01-16 20:31:30 [WARNING] devolución procesada
2026-05-10 03:33:46 [INFO] devolución procesada
2026-02-25 09:25:43 [ERROR] venta realizada
2026-02-23 01:32:52 [WARNING] devolución procesada
2026-04-17 17:21:34 [ERROR] pago rechazado
2026-04-22 13:34:20 [ERROR] devolución procesada
2026-04-09 05:43:03 [WARNING] pago rechazado
2026-05-04 22:19:48 [INFO] stock bajo
2026-01-18 18:11:55 [WARNING] pago rechazado
2026-04-29 19:33:37 [INFO] devolución procesada
2026-03-04 01:34:52 [ERROR] stock bajo
2026-02-02 06:19:50 [ERROR] stock bajo
2026-05-10 19:22:42 [ERROR] devolución procesada
2026-03-12 23:10:44 [WARNING] stock bajo
2026-02-20 02:58:21 [WARNING] venta realizada
2026-03-23 04:21:49 [ERROR] stock bajo
2026-02-14 12:41:00 [WARNING] venta realizada
2026-02-25 04:21:04 [WARNING] venta realizada
2026-03-04 01:34:32 [INFO] venta realizada
2026-05-06 17:26:32 [INFO] pago rechazado
2026-03-15 23:47:23 [ERROR] pago rechazado
2026-02-07 07:33:52 [INFO] stock bajo
2026-04-01 04:38:08 [INFO] stock bajo
2026-02-09 06:06:00 [INFO] stock bajo
2026-01-16 07:39:53 [ERROR] pago rechazado
2026-01-19 05:43:09 [WARNING] pago rechazado
2026-02-17 10:29:55 [INFO] devolución procesada
2026-03-07 07:50:43 [WARNING] devolución procesada
2026-03-22 05:18:13 [INFO] stock bajo
2026-05-08 13:33:29 [WARNING] devolución procesada
2026-01-20 11:41:17 [INFO] devolución procesada
2026-03-27 09:34:39 [WARNING] venta realizada
2026-03-15 22:33:56 [INFO] pago rechazado
2026-03-11 20:35:28 [ERROR] pago rechazado
2026-03-24 02:25:56 [WARNING] pago rechazado
2026-01-29 10:19:53 [INFO] devolución procesada
2026-01-29 19:51:46 [WARNING] stock bajo
2026-03-27 00:01:46 [WARNING] stock bajo
2026-02-22 10:02:56 [ERROR] pago rechazado
2026-03-20 17:41:08 [INFO] devolución procesada
2026-02-11 05:50:50 [ERROR] pago rechazado
2026-04-24 06:32:43 [INFO] venta realizada
2026-03-08 09:47:26 [INFO] stock bajo
2026-04-16 16:03:48 [ERROR] pago rechazado
2026-05-01 11:27:12 [INFO] devolución procesada
2026-04-28 21:23:35 [ERROR] stock bajo
2026-01-23 09:17:57 [WARNING] stock bajo
2026-05-12 06:57:50 [WARNING] venta realizada
2026-02-03 06:56:09 [WARNING] stock bajo
2026-01-19 18:40:50 [INFO] stock bajo
2026-03-02 07:54:12 [INFO] devolución procesada
2026-04-12 20:34:08 [WARNING] stock bajo
2026-04-22 10:43:41 [ERROR] venta realizada
2026-02-21 23:53:33 [INFO] venta realizada
2026-03-12 08:23:15 [ERROR] devolución procesada
2026-02-05 11:20:18 [ERROR] stock bajo
2026-02-24 23:49:50 [INFO] pago rechazado
2026-05-08 19:06:10 [INFO] pago rechazado
2026-04-01 16:59:36 [WARNING] devolución procesada
2026-02-04 22:36:35 [INFO] devolución procesada
2026-03-25 07:21:29 [INFO] stock bajo
2026-02-23 09:47:59 [ERROR] devolución procesada
2026-01-25 11:46:00 [INFO] venta realizada
2026-05-01 22:16:42 [INFO] stock bajo
2026-02-10 19:07:41 [INFO] devolución procesada
2026-03-16 23:46:09 [ERROR] pago rechazado
2026-05-07 13:07:55 [WARNING] stock bajo
2026-05-12 16:19:00 [INFO] venta realizada
2026-01-18 04:32:46 [ERROR] devolución procesada
2026-04-26 12:13:45 [ERROR] devolución procesada
2026-05-12 00:58:59 [INFO] stock bajo
2026-04-05 00:03:41 [ERROR] pago rechazado
2026-03-24 10:42:52 [ERROR] stock bajo
2026-01-21 19:32:45 [WARNING] stock bajo
2026-03-06 12:09:38 [WARNING] pago rechazado
2026-01-22 15:34:10 [INFO] venta realizada
2026-04-02 11:03:47 [ERROR] devolución procesada
2026-02-20 07:39:32 [WARNING] pago rechazado
2026-05-10 03:36:19 [ERROR] devolución procesada
2026-02-27 15:29:24 [ERROR] pago rechazado
2026-04-26 06:21:48 [WARNING] venta realizada
2026-03-15 04:17:50 [WARNING] pago rechazado
2026-05-12 15:35:40 [ERROR] venta realizada
2026-04-08 15:06:38 [WARNING] stock bajo
2026-03-27 08:05:40 [INFO] stock bajo
2026-02-17 06:13:02 [ERROR] venta realizada
2026-02-28 08:38:42 [INFO] pago rechazado
2026-01-30 21:05:03 [WARNING] pago rechazado
2026-05-04 00:36:38 [INFO] devolución procesada
2026-01-19 10:44:13 [ERROR] pago rechazado
2026-03-06 02:22:29 [INFO] devolución procesada
2026-04-24 16:17:40 [WARNING] venta realizada
2026-05-03 16:43:12 [INFO] devolución procesada
2026-04-04 22:44:35 [WARNING] venta realizada
2026-02-16 13:34:51 [WARNING] venta realizada
2026-03-07 21:29:19 [WARNING] venta realizada
2026-01-20 21:38:17 [WARNING] venta realizada
2026-02-23 21:57:34 [WARNING] venta realizada
2026-03-12 05:20:39 [WARNING] stock bajo
2026-03-18 05:16:57 [WARNING] venta realizada
2026-04-03 13:56:03 [INFO] devolución procesada
2026-04-20 06:44:51 [ERROR] venta realizada
2026-03-25 01:38:11 [WARNING] stock bajo
2026-01-31 22:58:32 [INFO] pago rechazado
2026-01-13 13:12:20 [ERROR] devolución procesada
2026-01-22 08:25:48 [ERROR] pago rechazado
2026-04-23 20:33:53 [WARNING] devolución procesada
2026-03-29 11:05:07 [ERROR] venta realizada
2026-03-04 00:07:10 [WARNING] devolución procesada
2026-04-06 00:20:19 [WARNING] venta realizada
2026-02-25 16:18:39 [INFO] stock bajo
2026-05-01 01:29:58 [INFO] venta realizada
2026-03-16 00:31:23 [INFO] stock bajo
2026-02-01 23:43:44 [ERROR] devolución procesada
2026-04-05 15:58:46 [WARNING] pago rechazado
2026-01-17 02:37:23 [INFO] venta realizada
2026-03-16 01:03:52 [ERROR] devolución procesada
2026-04-19 06:54:08 [INFO] stock bajo
2026-04-28 23:17:32 [INFO] devolución procesada
2026-02-23 22:37:27 [ERROR] venta realizada
2026-01-23 10:09:20 [ERROR] pago rechazado
2026-03-06 22:57:05 [ERROR] pago rechazado
2026-03-10 14:19:52 [WARNING] devolución procesada
2026-01-16 06:56:19 [WARNING] venta realizada
2026-03-23 02:35:18 [INFO] stock bajo
2026-03-10 09:06:34 [ERROR] pago rechazado
2026-01-24 23:40:10 [INFO] pago rechazado
2026-02-20 05:37:06 [WARNING] venta realizada
2026-04-01 15:01:01 [INFO] pago rechazado
2026-03-14 04:40:08 [ERROR] devolución procesada
2026-04-14 00:45:22 [ERROR] pago rechazado
2026-01-24 02:33:59 [ERROR] devolución procesada
2026-01-23 02:11:47 [INFO] stock bajo
2026-04-19 18:28:46 [INFO] devolución procesada
2026-02-08 09:26:33 [INFO] venta realizada
2026-01-22 17:40:13 [INFO] venta realizada
2026-04-28 10:31:24 [INFO] venta realizada
2026-03-08 11:37:00 [INFO] devolución procesada
2026-05-09 11:11:00 [INFO] venta realizada
2026-04-17 21:57:37 [ERROR] pago rechazado
2026-03-23 00:04:19 [INFO] pago rechazado
2026-03-07 19:37:52 [INFO] devolución procesada
2026-04-22 00:57:57 [ERROR] venta realizada
2026-02-26 22:26:18 [INFO] pago rechazado
2026-01-30 05:26:37 [INFO] devolución procesada
2026-01-25 23:42:10 [ERROR] devolución procesada
2026-03-26 17:04:38 [WARNING] pago rechazado
2026-01-15 15:20:26 [ERROR] stock bajo
2026-03-25 17:20:59 [WARNING] devolución procesada
2026-01-14 02:03:42 [ERROR] pago rechazado
2026-01-17 13:30:31 [INFO] stock bajo
2026-04-22 06:49:11 [INFO] stock bajo
2026-03-19 12:55:20 [WARNING] devolución procesada
2026-03-22 21:41:40 [INFO] pago rechazado
2026-05-04 07:04:08 [WARNING] venta realizada
2026-03-22 01:33:56 [WARNING] stock bajo
2026-04-17 09:43:31 [ERROR] venta realizada
2026-02-01 01:23:12 [WARNING] venta realizada
2026-04-09 13:05:29 [INFO] venta realizada
2026-02-28 17:15:10 [ERROR] stock bajo
2026-05-12 17:43:27 [ERROR] stock bajo
2026-02-01 17:50:11 [INFO] stock bajo
2026-04-18 19:15:12 [INFO] stock bajo
2026-04-18 10:05:06 [INFO] stock bajo
2026-02-24 10:05:07 [INFO] pago rechazado
2026-02-03 08:22:30 [WARNING] devolución procesada
2026-04-09 03:51:22 [ERROR] pago rechazado
2026-03-12 06:24:30 [ERROR] stock bajo
2026-03-04 18:51:05 [INFO] devolución procesada
2026-05-09 05:52:57 [ERROR] venta realizada
2026-05-08 00:31:44 [ERROR] venta realizada
2026-01-29 22:57:29 [ERROR] pago rechazado
2026-01-21 19:31:46 [ERROR] venta realizada
2026-02-25 14:31:36 [ERROR] devolución procesada
2026-04-03 22:57:23 [INFO] devolución procesada
2026-02-13 04:20:52 [INFO] stock bajo
2026-02-03 23:06:33 [INFO] stock bajo
2026-01-19 21:10:45 [ERROR] stock bajo
2026-03-06 18:40:44 [WARNING] pago rechazado
2026-01-29 07:55:33 [WARNING] stock bajo
2026-05-06 05:59:51 [ERROR] devolución procesada
2026-04-08 03:48:19 [ERROR] stock bajo
2026-03-20 23:12:44 [INFO] pago rechazado
2026-01-15 23:39:01 [WARNING] stock bajo
2026-04-13 18:32:21 [INFO] venta realizada
2026-02-03 10:51:24 [ERROR] devolución procesada
2026-02-04 15:08:21 [INFO] devolución procesada
2026-02-27 10:24:41 [ERROR] devolución procesada
2026-02-17 08:00:45 [INFO] devolución procesada
2026-03-25 13:38:19 [WARNING] stock bajo
2026-02-25 04:14:31 [WARNING] devolución procesada
2026-04-25 13:50:58 [ERROR] pago rechazado
2026-03-26 10:29:45 [WARNING] venta realizada
2026-01-17 10:23:42 [ERROR] stock bajo
2026-02-24 01:32:21 [WARNING] venta realizada
2026-02-24 13:27:11 [ERROR] venta realizada
2026-02-11 03:27:47 [ERROR] devolución procesada
2026-03-12 21:18:56 [INFO] devolución procesada
2026-02-16 18:23:17 [ERROR] pago rechazado
2026-02-11 23:58:36 [WARNING] venta realizada
2026-01-21 18:07:26 [WARNING] pago rechazado
2026-01-18 22:25:33 [INFO] venta realizada
2026-01-28 13:53:00 [INFO] devolución procesada
2026-04-09 12:33:19 [INFO] pago rechazado
2026-04-06 11:20:17 [INFO] venta realizada
2026-05-12 11:13:30 [ERROR] venta realizada
2026-02-10 04:10:22 [ERROR] pago rechazado
2026-01-28 01:34:15 [WARNING] venta realizada
2026-05-11 02:00:52 [ERROR] stock bajo
2026-03-27 00:47:51 [INFO] pago rechazado
2026-01-29 10:15:14 [WARNING] stock bajo
2026-03-13 09:28:06 [INFO] stock bajo
2026-03-30 15:25:35 [ERROR] devolución procesada
2026-04-15 22:57:12 [ERROR] venta realizada
2026-04-30 09:55:39 [INFO] pago rechazado
2026-03-25 08:14:15 [INFO] stock bajo
2026-03-06 22:22:13 [INFO] stock bajo
2026-02-04 22:55:45 [ERROR] devolución procesada
2026-03-06 22:55:07 [ERROR] stock bajo
2026-04-08 20:57:09 [ERROR] stock bajo
2026-02-18 18:08:00 [WARNING] stock bajo
2026-04-19 06:12:32 [WARNING] venta realizada
2026-03-17 17:15:44 [ERROR] pago rechazado
2026-02-06 13:57:39 [INFO] venta realizada
2026-01-20 21:02:13 [WARNING] venta realizada
2026-02-05 23:46:11 [ERROR] venta realizada
2026-04-07 17:27:02 [INFO] venta realizada
2026-04-26 06:08:54 [WARNING] devolución procesada
2026-05-07 12:25:42 [ERROR] venta realizada
2026-03-20 06:55:22 [INFO] pago rechazado
2026-04-17 12:41:11 [WARNING] pago rechazado
2026-03-14 13:53:06 [INFO] devolución procesada
2026-01-22 01:13:25 [INFO] devolución procesada
2026-01-20 18:34:00 [ERROR] pago rechazado
2026-03-23 18:21:57 [ERROR] venta realizada
2026-05-06 00:02:53 [INFO] devolución procesada
2026-02-22 11:09:31 [ERROR] venta realizada
2026-03-04 03:14:48 [INFO] pago rechazado
2026-01-31 20:56:34 [ERROR] pago rechazado
2026-03-05 12:16:32 [WARNING] pago rechazado
2026-03-28 10:50:40 [WARNING] venta realizada
2026-04-21 19:00:40 [INFO] pago rechazado
2026-03-03 15:39:15 [ERROR] pago rechazado
2026-03-12 11:47:39 [WARNING] devolución procesada
2026-04-17 04:19:11 [ERROR] devolución procesada
2026-01-24 21:40:38 [INFO] stock bajo
2026-01-28 21:09:19 [WARNING] pago rechazado
2026-01-22 05:10:32 [ERROR] stock bajo
2026-01-14 09:27:20 [WARNING] devolución procesada
2026-03-23 06:27:57 [WARNING] stock bajo
2026-01-26 11:25:24 [WARNING] stock bajo
2026-04-24 14:04:08 [WARNING] devolución procesada
2026-03-26 16:13:42 [WARNING] venta realizada
2026-05-08 18:18:12 [ERROR] devolución procesada
2026-02-08 21:28:51 [ERROR] venta realizada
2026-02-15 22:58:32 [ERROR] pago rechazado
2026-02-28 06:15:24 [ERROR] devolución procesada
2026-02-18 11:42:57 [ERROR] stock bajo
2026-02-18 00:28:48 [WARNING] stock bajo
2026-05-10 05:43:37 [ERROR] devolución procesada
2026-05-02 04:35:14 [INFO] stock bajo
2026-02-23 05:55:06 [INFO] pago rechazado
2026-01-14 12:30:34 [WARNING] venta realizada
2026-03-18 09:46:53 [INFO] venta realizada
2026-05-11 03:34:12 [WARNING] venta realizada
2026-01-16 23:53:22 [WARNING] devolución procesada
2026-03-04 00:58:01 [WARNING] pago rechazado
2026-02-22 05:44:05 [INFO] devolución procesada
2026-01-19 14:17:37 [INFO] devolución procesada
2026-03-25 16:31:55 [INFO] stock bajo
2026-02-13 18:13:49 [WARNING] venta realizada
2026-02-21 00:19:21 [INFO] devolución procesada
2026-04-25 21:29:39 [ERROR] devolución procesada
2026-02-23 19:55:26 [INFO] stock bajo
2026-05-08 18:10:39 [INFO] venta realizada
2026-05-05 19:00:31 [WARNING] pago rechazado
2026-01-28 22:58:37 [INFO] stock bajo
2026-02-21 15:56:24 [ERROR] stock bajo
2026-05-02 22:24:45 [WARNING] pago rechazado
2026-02-09 17:59:00 [WARNING] devolución procesada
2026-01-19 23:55:23 [ERROR] venta realizada
2026-04-15 11:00:20 [WARNING] venta realizada
2026-03-13 02:19:23 [INFO] devolución procesada
2026-01-27 18:07:29 [ERROR] devolución procesada
2026-04-29 06:28:05 [ERROR] venta realizada
2026-02-20 07:56:24 [ERROR] stock bajo
2026-03-22 12:40:01 [WARNING] venta realizada
2026-03-03 15:56:11 [INFO] devolución procesada
2026-03-06 23:30:54 [ERROR] pago rechazado
2026-04-09 12:49:39 [INFO] pago rechazado
2026-04-26 14:39:27 [ERROR] devolución procesada
2026-04-14 00:38:37 [ERROR] pago rechazado
2026-01-14 01:31:24 [ERROR] pago rechazado
2026-03-13 09:54:06 [INFO] devolución procesada
2026-03-22 12:35:37 [ERROR] pago rechazado
2026-04-09 10:39:33 [ERROR] pago rechazado
2026-04-22 05:25:57 [INFO] stock bajo
2026-04-16 21:53:19 [WARNING] venta realizada
2026-04-08 03:51:40 [ERROR] devolución procesada
2026-04-10 06:25:26 [INFO] pago rechazado
2026-03-05 23:29:29 [ERROR] venta realizada
2026-03-16 05:22:57 [WARNING] venta realizada
2026-01-15 04:33:52 [ERROR] venta realizada
2026-01-20 23:43:10 [WARNING] pago rechazado
2026-03-08 17:12:14 [WARNING] venta realizada
2026-04-14 05:23:14 [ERROR] venta realizada
2026-02-01 20:43:04 [INFO] stock bajo
2026-01-16 18:04:58 [WARNING] pago rechazado
2026-04-27 23:28:48 [WARNING] pago rechazado
2026-01-23 04:54:45 [ERROR] pago rechazado
2026-03-05 13:00:42 [INFO] devolución procesada
2026-01-24 16:21:48 [INFO] venta realizada
2026-04-30 02:42:15 [INFO] devolución procesada
2026-04-15 01:19:36 [WARNING] devolución procesada
2026-01-26 12:41:22 [WARNING] pago rechazado
2026-03-20 09:39:13 [WARNING] venta realizada
2026-03-05 18:56:11 [INFO] pago rechazado
2026-04-02 18:10:40 [ERROR] pago rechazado
2026-04-15 11:49:49 [ERROR] pago rechazado
2026-03-21 04:46:06 [INFO] pago rechazado
2026-04-19 01:53:05 [ERROR] venta realizada
2026-03-06 05:20:16 [WARNING] devolución procesada
2026-03-26 12:55:57 [WARNING] devolución procesada
2026-03-05 07:12:52 [WARNING] pago rechazado
2026-03-17 16:14:59 [INFO] stock bajo
2026-02-20 22:46:43 [WARNING] stock bajo
2026-01-29 16:59:33 [ERROR] venta realizada
2026-05-10 10:58:39 [WARNING] devolución procesada
2026-04-21 01:00:00 [WARNING] stock bajo
2026-02-16 19:24:56 [WARNING] venta realizada
2026-03-11 22:07:32 [INFO] venta realizada
2026-02-16 07:03:20 [WARNING] stock bajo
2026-03-28 06:06:05 [INFO] stock bajo
2026-02-10 22:20:37 [ERROR] stock bajo
2026-05-11 02:42:49 [INFO] venta realizada
2026-02-05 12:39:24 [INFO] devolución procesada
2026-02-04 12:07:35 [ERROR] venta realizada
2026-02-03 05:15:54 [ERROR] pago rechazado
2026-03-17 18:00:25 [INFO] pago rechazado
2026-04-26 13:54:24 [ERROR] pago rechazado
2026-01-30 01:38:25 [INFO] pago rechazado
2026-01-14 11:49:03 [WARNING] venta realizada
2026-05-03 06:26:33 [INFO] stock bajo
2026-01-19 20:43:44 [INFO] pago rechazado
2026-02-13 09:20:43 [WARNING] pago rechazado
2026-02-22 20:50:19 [ERROR] stock bajo
2026-02-19 03:25:00 [WARNING] pago rechazado
2026-03-27 07:46:15 [WARNING] venta realizada
2026-04-28 08:49:57 [WARNING] stock bajo
2026-04-14 20:31:15 [ERROR] devolución procesada
2026-03-04 00:22:42 [WARNING] devolución procesada
2026-02-25 17:18:00 [WARNING] stock bajo
2026-05-10 12:47:11 [WARNING] devolución procesada
2026-04-04 00:34:52 [ERROR] stock bajo
2026-04-25 03:45:42 [INFO] pago rechazado
2026-01-28 19:55:12 [WARNING] devolución procesada
2026-02-24 04:01:20 [INFO] stock bajo
2026-02-09 21:20:16 [ERROR] pago rechazado
2026-03-22 08:12:04 [INFO] pago rechazado
2026-04-17 10:19:53 [ERROR] pago rechazado
2026-04-29 12:57:16 [INFO] pago rechazado
2026-02-16 06:23:14 [ERROR] pago rechazado
2026-05-07 03:38:23 [WARNING] devolución procesada
2026-02-05 13:12:37 [ERROR] venta realizada
2026-04-17 21:23:28 [WARNING] pago rechazado
2026-02-14 07:23:25 [INFO] venta realizada
2026-02-10 08:22:31 [ERROR] stock bajo
2026-03-21 20:02:12 [WARNING] devolución procesada
2026-04-25 01:08:03 [ERROR] devolución procesada
2026-03-22 06:27:55 [INFO] pago rechazado
2026-03-22 20:57:33 [ERROR] venta realizada
2026-02-21 05:05:16 [INFO] pago rechazado
2026-04-24 09:35:15 [INFO] venta realizada
2026-03-10 19:17:34 [ERROR] devolución procesada
2026-04-07 00:23:38 [WARNING] devolución procesada
2026-01-27 03:04:08 [ERROR] venta realizada
2026-05-01 18:11:31 [WARNING] venta realizada
2026-04-02 09:40:53 [WARNING] pago rechazado
2026-03-04 04:05:33 [WARNING] devolución procesada
2026-04-29 06:34:59 [INFO] devolución procesada
2026-04-29 11:42:32 [INFO] venta realizada
2026-05-07 13:07:55 [INFO] devolución procesada
2026-03-30 20:34:38 [ERROR] venta realizada
2026-05-11 14:09:44 [INFO] pago rechazado
2026-05-03 23:13:29 [ERROR] pago rechazado
2026-02-01 19:54:40 [WARNING] stock bajo
2026-01-22 21:18:00 [ERROR] pago rechazado
2026-04-11 15:07:52 [ERROR] stock bajo
2026-04-19 03:46:13 [WARNING] venta realizada
2026-01-31 01:31:00 [WARNING] pago rechazado
2026-04-19 13:47:57 [WARNING] venta realizada
2026-01-18 15:36:14 [ERROR] stock bajo
2026-03-14 10:40:21 [WARNING] devolución procesada
2026-03-11 14:49:41 [INFO] venta realizada
2026-05-04 04:19:15 [WARNING] venta realizada
2026-03-03 12:07:16 [ERROR] venta realizada
2026-04-26 23:03:12 [WARNING] pago rechazado
2026-03-19 00:04:34 [ERROR] venta realizada
2026-04-16 06:29:52 [ERROR] devolución procesada
2026-03-24 23:50:40 [WARNING] stock bajo
2026-03-25 22:02:04 [ERROR] pago rechazado
2026-01-21 07:27:50 [INFO] devolución procesada
2026-02-22 21:23:10 [ERROR] pago rechazado
2026-04-15 07:29:44 [INFO] devolución procesada
2026-03-30 18:06:23 [ERROR] venta realizada
2026-03-01 23:07:54 [INFO] devolución procesada
2026-05-04 01:20:08 [INFO] stock bajo
2026-04-06 23:58:26 [WARNING] pago rechazado
2026-05-05 13:09:12 [INFO] devolución procesada
2026-04-09 06:39:47 [ERROR] stock bajo
2026-03-06 12:44:50 [WARNING] stock bajo
2026-01-27 17:10:45 [WARNING] pago rechazado
2026-02-22 00:49:16 [ERROR] pago rechazado
2026-04-04 08:53:58 [INFO] devolución procesada
2026-02-15 17:58:07 [INFO] devolución procesada
2026-02-03 19:02:55 [INFO] venta realizada
2026-04-27 00:13:47 [WARNING] devolución procesada
2026-02-15 02:45:42 [INFO] stock bajo
2026-04-02 09:00:01 [INFO] devolución procesada
2026-03-07 07:57:53 [WARNING] stock bajo
2026-03-06 10:09:23 [INFO] devolución procesada
2026-03-17 08:27:38 [ERROR] devolución procesada
2026-01-27 15:52:53 [ERROR] venta realizada
2026-03-02 06:06:20 [WARNING] devolución procesada
2026-04-12 23:06:07 [ERROR] stock bajo
2026-04-29 06:48:10 [ERROR] pago rechazado
2026-04-23 13:55:36 [INFO] pago rechazado
2026-03-30 22:15:44 [WARNING] stock bajo
2026-03-15 07:50:07 [WARNING] stock bajo
2026-01-29 15:13:51 [ERROR] devolución procesada
2026-01-21 07:28:26 [ERROR] devolución procesada
2026-04-15 06:16:54 [INFO] stock bajo
2026-02-15 19:54:02 [INFO] stock bajo
2026-03-27 09:34:23 [ERROR] stock bajo
2026-04-02 17:45:00 [INFO] venta realizada
2026-02-16 05:06:39 [WARNING] stock bajo
2026-03-07 06:18:30 [WARNING] pago rechazado
2026-04-01 05:02:00 [WARNING] stock bajo
2026-04-29 17:59:47 [WARNING] venta realizada
2026-03-18 19:49:57 [INFO] venta realizada
2026-05-08 03:29:15 [WARNING] devolución procesada
2026-02-11 05:33:18 [ERROR] devolución procesada
2026-04-02 06:13:22 [WARNING] venta realizada
2026-05-11 02:54:00 [WARNING] pago rechazado
2026-05-09 05:58:18 [WARNING] devolución procesada
2026-04-19 03:03:04 [ERROR] devolución procesada
2026-02-07 05:29:18 [WARNING] stock bajo
2026-03-07 02:15:38 [INFO] stock bajo
2026-04-20 15:45:50 [INFO] stock bajo
2026-03-23 16:52:46 [INFO] pago rechazado
2026-05-07 15:52:26 [INFO] pago rechazado
2026-03-04 17:56:03 [INFO] devolución procesada
2026-04-24 11:03:13 [INFO] venta realizada
2026-05-08 19:41:46 [WARNING] devolución procesada
2026-04-21 09:43:25 [INFO] pago rechazado
2026-03-13 22:19:21 [ERROR] devolución procesada
2026-03-19 00:23:56 [INFO] stock bajo
2026-03-13 08:48:52 [INFO] devolución procesada
2026-04-14 01:41:10 [WARNING] pago rechazado
2026-02-02 22:59:50 [INFO] stock bajo
2026-01-28 19:48:10 [WARNING] pago rechazado
2026-03-27 00:52:53 [INFO] stock bajo
2026-01-20 19:07:55 [ERROR] venta realizada
2026-04-18 15:18:02 [WARNING] venta realizada
2026-05-04 09:18:48 [ERROR] devolución procesada
2026-04-18 10:16:08 [INFO] pago rechazado
2026-01-14 07:59:38 [INFO] pago rechazado
2026-02-05 22:35:09 [INFO] stock bajo
2026-03-06 20:20:34 [INFO] stock bajo
2026-04-02 06:09:03 [WARNING] venta realizada
2026-02-20 04:04:25 [INFO] pago rechazado
2026-02-14 03:37:38 [WARNING] stock bajo
2026-04-11 09:19:01 [INFO] pago rechazado
2026-01-13 13:36:04 [WARNING] devolución procesada
2026-03-19 13:01:12 [ERROR] pago rechazado
2026-04-28 14:09:44 [ERROR] venta realizada
2026-05-06 11:53:13 [INFO] pago rechazado
2026-03-06 21:26:43 [WARNING] venta realizada
2026-02-15 18:49:47 [WARNING] venta realizada
2026-03-31 16:39:48 [INFO] stock bajo
2026-04-27 01:54:28 [ERROR] pago rechazado
2026-04-07 19:55:09 [WARNING] devolución procesada
2026-03-29 05:14:08 [ERROR] stock bajo
2026-04-28 10:56:32 [ERROR] devolución procesada
2026-03-07 08:12:09 [ERROR] devolución procesada
2026-04-22 13:17:30 [WARNING] pago rechazado
2026-01-28 16:54:39 [ERROR] devolución procesada
2026-03-19 14:16:51 [INFO] stock bajo
2026-04-23 16:29:42 [WARNING] devolución procesada
2026-05-02 16:24:31 [INFO] pago rechazado
2026-02-06 16:12:40 [ERROR] venta realizada
2026-02-27 08:07:08 [ERROR] pago rechazado
2026-01-15 05:38:39 [ERROR] stock bajo
2026-04-22 02:06:13 [INFO] venta realizada
2026-04-04 14:52:08 [INFO] venta realizada
2026-05-09 18:58:57 [INFO] venta realizada
2026-03-05 08:01:31 [WARNING] devolución procesada
2026-02-19 07:15:52 [INFO] pago rechazado
2026-05-12 16:06:11 [ERROR] stock bajo
2026-01-13 00:40:28 [ERROR] venta realizada
2026-01-23 11:33:43 [WARNING] pago rechazado
2026-01-21 14:22:54 [INFO] pago rechazado
2026-04-09 11:33:51 [INFO] venta realizada
2026-05-10 07:16:41 [INFO] stock bajo
2026-03-23 21:50:58 [INFO] pago rechazado
2026-02-03 13:57:48 [WARNING] stock bajo
2026-03-08 18:54:38 [INFO] pago rechazado
2026-01-14 01:17:52 [WARNING] devolución procesada
2026-04-27 17:43:54 [WARNING] venta realizada
2026-03-29 23:23:57 [ERROR] stock bajo
2026-02-25 23:39:57 [WARNING] devolución procesada
2026-03-03 03:32:32 [WARNING] venta realizada
2026-04-13 21:32:13 [INFO] venta realizada
2026-04-17 01:07:45 [INFO] venta realizada
2026-03-19 23:21:28 [WARNING] pago rechazado
2026-03-29 20:38:52 [WARNING] venta realizada
2026-05-11 19:14:51 [WARNING] venta realizada
2026-04-16 02:01:02 [INFO] pago rechazado
2026-03-06 14:02:40 [WARNING] devolución procesada
2026-04-16 16:11:10 [ERROR] stock bajo
2026-01-24 23:40:42 [WARNING] stock bajo
2026-02-27 05:57:57 [ERROR] devolución procesada
2026-04-01 18:05:23 [WARNING] pago rechazado
2026-01-26 14:35:03 [WARNING] devolución procesada
2026-04-08 23:38:48 [WARNING] devolución procesada
2026-04-01 15:44:50 [INFO] pago rechazado
2026-01-23 10:47:16 [INFO] venta realizada
2026-04-30 08:35:01 [INFO] venta realizada
2026-01-23 00:41:23 [ERROR] venta realizada
2026-03-27 01:40:21 [INFO] stock bajo
2026-05-02 10:18:57 [INFO] stock bajo
2026-01-14 23:01:24 [INFO] pago rechazado
2026-03-11 21:04:19 [WARNING] stock bajo
2026-02-11 02:21:04 [WARNING] pago rechazado
2026-04-25 05:35:52 [WARNING] venta realizada
2026-01-24 12:02:40 [ERROR] devolución procesada
2026-05-12 12:43:07 [WARNING] stock bajo
2026-01-13 12:48:12 [WARNING] pago rechazado
2026-01-22 19:02:24 [ERROR] pago rechazado
2026-02-16 01:59:51 [WARNING] venta realizada
2026-04-28 01:58:22 [WARNING] venta realizada
2026-02-13 20:05:45 [ERROR] venta realizada
2026-04-21 16:12:15 [ERROR] pago rechazado
2026-03-25 05:01:33 [WARNING] venta realizada
2026-03-17 00:17:23 [ERROR] pago rechazado
2026-04-04 12:48:56 [ERROR] devolución procesada
2026-03-23 22:13:02 [WARNING] pago rechazado
2026-03-09 16:08:28 [WARNING] pago rechazado
2026-04-30 18:34:43 [WARNING] pago rechazado
2026-02-16 08:16:14 [INFO] devolución procesada
2026-02-23 16:17:06 [WARNING] venta realizada
2026-04-20 21:48:46 [INFO] pago rechazado
2026-03-09 16:26:45 [INFO] venta realizada
2026-04-23 14:26:30 [ERROR] stock bajo
2026-02-15 22:38:52 [WARNING] venta realizada
2026-04-25 17:18:50 [ERROR] stock bajo
2026-04-17 23:33:58 [INFO] venta realizada
2026-01-30 07:33:35 [ERROR] venta realizada
2026-04-08 03:54:23 [ERROR] venta realizada
2026-03-13 05:56:46 [WARNING] venta realizada
2026-02-28 08:08:15 [WARNING] pago rechazado
2026-03-13 15:47:39 [INFO] pago rechazado
2026-04-18 05:25:30 [INFO] stock bajo
2026-04-01 20:49:04 [ERROR] pago rechazado
2026-02-11 12:07:21 [INFO] venta realizada
2026-02-25 06:26:21 [ERROR] pago rechazado
2026-04-26 09:02:12 [WARNING] stock bajo
2026-01-31 09:49:41 [WARNING] stock bajo
2026-04-10 15:59:42 [INFO] venta realizada
2026-04-25 05:45:34 [INFO] devolución procesada
2026-03-16 16:33:55 [INFO] stock bajo
2026-04-08 18:59:43 [INFO] stock bajo
2026-04-30 12:52:47 [ERROR] devolución procesada
2026-01-29 08:00:16 [ERROR] pago rechazado
2026-05-12 20:25:30 [WARNING] venta realizada
2026-01-13 16:52:04 [WARNING] devolución procesada
2026-02-17 18:09:26 [ERROR] stock bajo
2026-05-03 03:49:16 [ERROR] venta realizada
2026-03-17 06:30:38 [ERROR] devolución procesada
2026-02-11 08:14:32 [INFO] stock bajo
2026-02-13 06:09:14 [ERROR] devolución procesada
2026-01-31 01:49:26 [ERROR] pago rechazado
2026-02-22 01:05:53 [WARNING] pago rechazado
2026-02-27 21:50:44 [INFO] stock bajo
2026-01-22 01:34:42 [ERROR] devolución procesada
2026-03-21 04:01:19 [WARNING] pago rechazado
2026-04-25 04:36:27 [ERROR] venta realizada
2026-03-26 05:15:31 [INFO] venta realizada
2026-05-07 18:58:02 [INFO] devolución procesada
2026-03-25 03:48:54 [INFO] stock bajo
2026-02-17 21:09:14 [INFO] stock bajo
2026-02-08 16:31:21 [ERROR] venta realizada
2026-03-15 14:21:54 [ERROR] venta realizada
2026-02-08 19:51:16 [ERROR] venta realizada
2026-02-22 15:13:35 [WARNING] venta realizada
2026-03-02 17:40:09 [ERROR] pago rechazado
2026-02-03 05:05:16 [INFO] devolución procesada
2026-02-01 15:58:50 [ERROR] stock bajo
2026-02-13 02:00:36 [INFO] stock bajo
2026-02-07 23:04:03 [ERROR] pago rechazado
2026-01-29 08:37:47 [ERROR] venta realizada
2026-04-25 10:50:03 [WARNING] venta realizada
2026-04-16 00:44:41 [WARNING] venta realizada
2026-02-09 00:29:24 [INFO] devolución procesada
2026-01-26 15:19:52 [ERROR] stock bajo
2026-02-01 00:59:04 [INFO] devolución procesada
2026-04-05 06:27:31 [WARNING] venta realizada
2026-03-18 00:08:30 [INFO] pago rechazado
2026-01-21 13:01:29 [WARNING] stock bajo
2026-03-06 06:59:08 [ERROR] devolución procesada
2026-04-29 19:14:52 [WARNING] pago rechazado
2026-03-20 09:13:08 [INFO] pago rechazado
2026-02-25 17:13:31 [ERROR] venta realizada
2026-02-24 19:45:04 [INFO] stock bajo
2026-05-06 16:50:56 [INFO] devolución procesada
2026-02-09 10:31:18 [WARNING] stock bajo
2026-03-12 14:29:18 [ERROR] venta realizada
2026-04-10 19:55:48 [ERROR] stock bajo
2026-04-15 03:20:39 [INFO] venta realizada
2026-03-26 11:50:48 [INFO] stock bajo
2026-03-22 18:13:27 [WARNING] venta realizada
2026-03-03 22:21:55 [WARNING] devolución procesada
2026-05-09 16:34:04 [ERROR] venta realizada
2026-02-15 04:52:55 [INFO] devolución procesada
2026-02-05 11:28:35 [WARNING] devolución procesada
2026-03-19 21:38:36 [INFO] pago rechazado
2026-04-22 05:05:07 [ERROR] pago rechazado
2026-02-03 09:35:45 [INFO] pago rechazado
2026-03-26 21:32:59 [INFO] pago rechazado
2026-02-01 10:56:22 [INFO] venta realizada
2026-05-11 12:28:31 [ERROR] stock bajo
2026-02-16 22:57:22 [WARNING] pago rechazado
2026-04-15 22:24:20 [WARNING] pago rechazado
2026-04-12 15:06:16 [ERROR] venta realizada
2026-04-23 20:02:54 [INFO] devolución procesada
2026-01-14 04:18:43 [INFO] pago rechazado
2026-05-09 05:08:51 [WARNING] pago rechazado
2026-05-11 02:47:45 [INFO] venta realizada
2026-03-04 15:48:06 [WARNING] devolución procesada
2026-03-20 12:16:27 [ERROR] pago rechazado
2026-05-06 12:20:07 [WARNING] devolución procesada
2026-02-25 19:18:22 [INFO] pago rechazado
2026-04-03 23:09:07 [ERROR] venta realizada
2026-03-23 16:29:28 [WARNING] pago rechazado
2026-02-25 23:06:41 [WARNING] stock bajo
2026-05-05 12:58:11 [ERROR] pago rechazado
2026-04-12 20:44:39 [INFO] devolución procesada
2026-02-15 21:34:26 [INFO] pago rechazado
2026-02-05 02:45:43 [WARNING] pago rechazado
2026-03-13 13:33:41 [INFO] pago rechazado
2026-03-28 10:00:33 [INFO] pago rechazado
2026-01-28 04:42:55 [WARNING] pago rechazado
2026-03-05 11:28:30 [WARNING] pago rechazado
2026-03-14 21:55:03 [WARNING] stock bajo
2026-02-15 07:56:11 [INFO] pago rechazado
2026-02-26 12:03:40 [INFO] venta realizada
2026-03-31 08:34:13 [WARNING] stock bajo
2026-02-11 04:54:59 [WARNING] devolución procesada
2026-05-01 15:07:20 [ERROR] pago rechazado
2026-03-08 05:46:26 [ERROR] pago rechazado
2026-02-12 17:18:06 [INFO] stock bajo
2026-02-07 03:04:58 [WARNING] stock bajo
2026-01-19 13:55:51 [ERROR] devolución procesada
2026-01-18 12:51:45 [ERROR] venta realizada
2026-02-20 22:31:41 [INFO] stock bajo
2026-04-11 17:19:08 [WARNING] devolución procesada
2026-05-12 04:59:04 [INFO] pago rechazado
2026-04-24 12:19:24 [INFO] pago rechazado
2026-04-24 23:40:14 [WARNING] stock bajo
2026-02-13 20:51:17 [ERROR] venta realizada
2026-03-05 18:23:47 [WARNING] stock bajo
2026-03-05 06:56:42 [INFO] venta realizada
2026-01-30 09:34:47 [ERROR] pago rechazado
2026-03-05 00:26:31 [WARNING] pago rechazado
2026-01-20 18:40:00 [ERROR] devolución procesada
2026-03-20 11:56:08 [INFO] pago rechazado
2026-05-09 07:23:52 [INFO] devolución procesada
2026-02-09 09:21:29 [INFO] stock bajo
2026-04-11 05:23:21 [ERROR] venta realizada
2026-03-13 02:30:48 [ERROR] venta realizada
2026-02-28 20:11:32 [ERROR] pago rechazado
2026-03-07 14:03:40 [ERROR] venta realizada
2026-01-28 15:26:37 [INFO] venta realizada
2026-05-10 04:53:07 [WARNING] devolución procesada
2026-01-31 21:45:34 [WARNING] devolución procesada
2026-04-21 09:45:41 [ERROR] devolución procesada
2026-03-25 16:05:28 [ERROR] pago rechazado
2026-02-22 02:09:27 [WARNING] stock bajo
2026-04-24 14:36:41 [INFO] pago rechazado
2026-03-22 16:47:43 [WARNING] pago rechazado
2026-01-22 13:53:21 [WARNING] venta realizada
2026-02-14 19:27:51 [INFO] devolución procesada
2026-03-22 12:51:08 [ERROR] devolución procesada
2026-01-19 19:09:30 [ERROR] venta realizada
2026-02-06 21:54:08 [WARNING] stock bajo
2026-02-25 13:05:51 [INFO] stock bajo
2026-04-22 03:10:37 [INFO] venta realizada
2026-02-01 04:59:10 [INFO] venta realizada
2026-01-19 09:18:46 [INFO] venta realizada
2026-01-19 18:21:24 [ERROR] devolución procesada
2026-04-18 16:05:56 [WARNING] venta realizada
2026-01-31 05:01:51 [INFO] devolución procesada
2026-01-19 04:59:14 [INFO] devolución procesada
2026-04-16 09:43:20 [INFO] venta realizada
2026-03-06 03:56:57 [ERROR] devolución procesada
2026-01-27 04:46:34 [ERROR] stock bajo
2026-02-11 11:14:55 [INFO] pago rechazado
2026-01-16 03:02:04 [ERROR] devolución procesada
2026-03-22 11:35:57 [ERROR] venta realizada
2026-04-21 04:14:04 [INFO] stock bajo
2026-01-28 07:00:08 [ERROR] pago rechazado
2026-03-15 17:44:56 [INFO] venta realizada
2026-04-15 15:38:48 [WARNING] venta realizada
2026-03-13 12:22:21 [INFO] venta realizada
2026-01-21 23:39:22 [WARNING] stock bajo
2026-03-29 13:04:11 [INFO] stock bajo
2026-03-26 05:21:11 [ERROR] venta realizada
2026-03-12 23:17:03 [WARNING] pago rechazado
2026-04-29 19:07:37 [ERROR] devolución procesada
2026-02-02 15:51:47 [INFO] pago rechazado
2026-03-30 05:18:57 [ERROR] pago rechazado
2026-03-17 07:49:57 [ERROR] devolución procesada
2026-05-12 17:55:48 [ERROR] devolución procesada
2026-04-29 06:57:28 [INFO] venta realizada
2026-01-20 00:18:04 [WARNING] pago rechazado
2026-02-13 20:00:56 [WARNING] devolución procesada
2026-01-28 00:17:23 [INFO] venta realizada
2026-05-08 20:09:50 [ERROR] pago rechazado
2026-04-19 09:38:26 [WARNING] pago rechazado
2026-02-14 23:06:57 [ERROR] stock bajo
2026-01-18 13:15:04 [INFO] pago rechazado
2026-02-21 22:01:11 [INFO] stock bajo
2026-04-26 07:11:48 [WARNING] pago rechazado
2026-04-21 19:26:34 [INFO] pago rechazado
2026-01-30 05:03:56 [WARNING] devolución procesada
2026-03-30 01:19:10 [INFO] venta realizada
2026-05-10 05:04:30 [ERROR] stock bajo
2026-03-19 22:44:11 [ERROR] venta realizada
2026-01-30 20:49:55 [ERROR] venta realizada
2026-02-14 06:27:44 [INFO] devolución procesada
2026-03-17 09:53:20 [WARNING] devolución procesada
2026-03-05 06:57:22 [INFO] stock bajo
2026-04-12 11:59:26 [INFO] devolución procesada
2026-04-19 03:31:11 [INFO] stock bajo
2026-03-04 05:57:11 [ERROR] pago rechazado
2026-03-06 19:42:51 [INFO] devolución procesada
2026-02-25 07:21:34 [INFO] stock bajo
2026-04-27 09:30:29 [WARNING] pago rechazado
2026-04-26 23:06:18 [ERROR] venta realizada
2026-01-30 08:26:14 [INFO] stock bajo
2026-02-09 14:38:46 [WARNING] devolución procesada
2026-05-09 15:55:02 [ERROR] pago rechazado
2026-04-11 03:51:16 [INFO] pago rechazado
2026-04-23 05:54:23 [INFO] devolución procesada
2026-03-02 15:29:46 [WARNING] pago rechazado
2026-03-11 15:50:48 [WARNING] pago rechazado
2026-04-18 02:27:11 [WARNING] stock bajo
2026-03-15 12:41:40 [WARNING] pago rechazado
2026-04-29 05:32:14 [ERROR] devolución procesada
2026-03-11 17:44:21 [INFO] stock bajo
2026-02-25 02:31:17 [WARNING] devolución procesada
2026-05-11 12:39:50 [WARNING] pago rechazado
2026-05-07 09:24:06 [ERROR] venta realizada
2026-03-17 13:34:38 [INFO] devolución procesada
2026-02-13 05:45:12 [ERROR] stock bajo
2026-04-10 04:58:22 [ERROR] devolución procesada
2026-01-31 07:26:52 [INFO] pago rechazado
2026-04-26 08:29:24 [INFO] pago rechazado
2026-04-24 20:34:05 [WARNING] venta realizada
2026-02-01 01:42:36 [ERROR] pago rechazado
2026-03-06 12:27:40 [ERROR] stock bajo
2026-04-03 23:08:57 [INFO] venta realizada
2026-01-27 10:52:16 [ERROR] venta realizada
2026-03-20 08:00:16 [ERROR] stock bajo
2026-02-24 18:49:25 [INFO] stock bajo
2026-03-29 17:22:03 [INFO] devolución procesada
2026-05-10 13:58:17 [WARNING] venta realizada
2026-03-28 21:52:27 [ERROR] pago rechazado
2026-03-01 18:55:10 [ERROR] venta realizada
2026-05-10 14:18:18 [ERROR] venta realizada
2026-03-19 07:50:32 [INFO] venta realizada
2026-01-25 04:34:52 [WARNING] devolución procesada
2026-02-03 03:04:37 [WARNING] venta realizada
2026-04-15 23:16:39 [ERROR] pago rechazado
2026-03-16 05:50:37 [ERROR] devolución procesada
2026-03-08 10:30:11 [ERROR] devolución procesada
2026-01-26 01:46:06 [WARNING] devolución procesada
2026-02-24 21:01:07 [ERROR] venta realizada
2026-02-11 12:10:17 [WARNING] venta realizada
2026-02-07 07:40:57 [WARNING] venta realizada
2026-02-25 08:33:26 [WARNING] pago rechazado
2026-01-13 19:28:47 [WARNING] venta realizada
2026-02-21 01:15:19 [INFO] venta realizada
2026-03-18 18:28:29 [INFO] venta realizada
2026-03-10 10:53:33 [WARNING] venta realizada
2026-03-11 09:01:05 [INFO] venta realizada
2026-02-18 07:07:17 [ERROR] venta realizada
2026-05-12 07:47:21 [WARNING] devolución procesada
2026-01-31 10:33:45 [ERROR] devolución procesada
2026-05-09 16:23:41 [INFO] venta realizada
2026-03-21 23:50:35 [ERROR] stock bajo
2026-02-11 10:49:13 [WARNING] pago rechazado
2026-01-19 09:05:32 [WARNING] pago rechazado
2026-01-22 11:30:23 [WARNING] pago rechazado
2026-01-26 06:53:15 [ERROR] stock bajo
2026-01-16 11:23:15 [INFO] pago rechazado
2026-01-20 03:50:20 [ERROR] devolución procesada
2026-01-27 22:00:24 [ERROR] pago rechazado
2026-02-24 06:28:00 [ERROR] devolución procesada
2026-03-27 04:14:01 [INFO] pago rechazado
2026-03-22 01:36:20 [WARNING] pago rechazado
2026-03-25 20:48:30 [ERROR] venta realizada
2026-03-16 09:18:42 [ERROR] venta realizada
2026-01-27 12:01:22 [INFO] venta realizada
2026-03-07 06:29:49 [INFO] stock bajo
2026-02-10 03:56:48 [ERROR] devolución procesada
2026-02-10 20:14:49 [INFO] pago rechazado
2026-04-14 20:09:12 [WARNING] stock bajo
2026-03-22 20:50:35 [INFO] pago rechazado
2026-01-16 19:05:42 [INFO] devolución procesada
2026-01-16 11:28:30 [INFO] pago rechazado
2026-04-30 01:37:20 [ERROR] stock bajo
2026-03-21 09:36:46 [WARNING] venta realizada
2026-01-17 20:59:43 [INFO] venta realizada
2026-03-30 10:40:02 [ERROR] venta realizada
2026-02-28 22:20:59 [INFO] venta realizada
2026-03-12 14:27:47 [WARNING] stock bajo
2026-02-07 23:32:38 [INFO] stock bajo
2026-04-22 02:12:51 [WARNING] stock bajo
2026-05-06 07:17:54 [WARNING] devolución procesada
2026-02-15 05:28:34 [ERROR] pago rechazado
2026-01-19 08:26:06 [INFO] devolución procesada
2026-04-16 19:15:07 [ERROR] pago rechazado
2026-03-28 00:07:52 [INFO] pago rechazado
2026-03-16 18:37:55 [INFO] venta realizada
2026-04-28 17:02:00 [INFO] pago rechazado
2026-03-27 21:55:54 [ERROR] devolución procesada
2026-04-12 02:00:57 [INFO] pago rechazado
2026-05-02 13:52:06 [WARNING] pago rechazado
2026-01-26 19:31:56 [WARNING] pago rechazado
2026-02-19 18:05:56 [WARNING] pago rechazado
2026-05-06 21:33:05 [WARNING] stock bajo
2026-01-27 03:16:07 [INFO] stock bajo
2026-05-08 23:26:17 [INFO] pago rechazado
2026-02-17 14:34:41 [INFO] pago rechazado
2026-01-27 14:11:51 [ERROR] stock bajo
2026-05-08 14:03:40 [INFO] devolución procesada
2026-01-18 06:51:08 [WARNING] pago rechazado
2026-03-13 04:28:40 [INFO] pago rechazado
2026-02-09 07:35:26 [WARNING] venta realizada
2026-04-03 08:49:59 [WARNING] stock bajo
2026-03-16 12:48:33 [WARNING] stock bajo
2026-05-06 11:38:23 [WARNING] pago rechazado
2026-03-30 03:50:23 [WARNING] devolución procesada
2026-05-12 23:04:59 [WARNING] stock bajo
2026-01-28 02:08:25 [INFO] pago rechazado
2026-04-24 17:19:44 [INFO] stock bajo
2026-03-08 05:16:55 [ERROR] stock bajo
2026-05-12 00:19:59 [ERROR] devolución procesada
2026-05-04 21:56:39 [WARNING] pago rechazado
2026-03-31 13:49:38 [WARNING] devolución procesada
2026-01-29 03:52:44 [WARNING] stock bajo
2026-05-04 15:26:50 [INFO] stock bajo
2026-02-05 10:16:44 [ERROR] venta realizada
2026-02-17 02:31:43 [INFO] pago rechazado
2026-01-20 18:06:49 [WARNING] devolución procesada
2026-03-25 03:27:16 [ERROR] venta realizada
2026-02-08 05:17:13 [ERROR] venta realizada
2026-04-29 17:22:48 [WARNING] devolución procesada
2026-04-14 11:39:36 [INFO] pago rechazado
2026-02-10 17:10:52 [INFO] venta realizada
2026-02-12 20:33:05 [ERROR] stock bajo
2026-03-05 01:36:49 [WARNING] venta realizada
2026-04-08 00:22:46 [INFO] pago rechazado
2026-05-02 12:56:39 [WARNING] devolución procesada
2026-03-29 11:01:23 [WARNING] devolución procesada
2026-03-27 20:50:53 [ERROR] pago rechazado
2026-02-11 05:23:01 [WARNING] devolución procesada
2026-03-25 21:44:58 [WARNING] venta realizada
2026-05-10 16:19:24 [WARNING] pago rechazado
2026-04-27 09:37:21 [ERROR] stock bajo
2026-01-29 18:27:16 [WARNING] stock bajo
2026-04-30 10:22:33 [ERROR] pago rechazado
2026-05-11 03:46:55 [ERROR] devolución procesada
2026-04-24 07:44:16 [ERROR] pago rechazado
2026-05-02 20:55:01 [INFO] venta realizada
2026-01-16 13:40:00 [INFO] pago rechazado
2026-04-21 12:36:45 [INFO] stock bajo
2026-03-17 02:51:34 [ERROR] stock bajo
2026-01-23 12:01:42 [WARNING] devolución procesada
2026-04-11 20:53:44 [ERROR] stock bajo
2026-05-03 06:13:52 [INFO] pago rechazado
2026-04-02 05:59:00 [INFO] pago rechazado
2026-01-21 21:32:43 [INFO] pago rechazado
2026-02-11 12:27:50 [WARNING] pago rechazado
2026-03-19 19:22:55 [INFO] stock bajo
2026-01-25 14:14:33 [WARNING] venta realizada
2026-03-15 18:13:03 [INFO] stock bajo
2026-02-22 02:34:57 [INFO] stock bajo
2026-03-20 19:23:37 [WARNING] devolución procesada
2026-01-14 03:41:22 [WARNING] stock bajo
2026-03-17 09:55:56 [ERROR] devolución procesada
2026-02-10 23:05:40 [ERROR] devolución procesada
2026-03-17 22:11:50 [ERROR] venta realizada
2026-03-22 01:49:48 [ERROR] devolución procesada
2026-03-18 11:41:27 [INFO] venta realizada
2026-04-17 16:39:23 [WARNING] devolución procesada
2026-01-19 02:32:12 [INFO] stock bajo
2026-03-11 07:10:51 [INFO] venta realizada
2026-04-27 22:33:08 [INFO] stock bajo
2026-01-24 14:45:50 [WARNING] stock bajo
2026-02-15 20:27:37 [ERROR] pago rechazado
2026-02-12 04:38:57 [WARNING] venta realizada
2026-03-24 03:11:37 [INFO] stock bajo
2026-02-13 03:43:48 [WARNING] stock bajo
2026-02-01 20:39:18 [INFO] stock bajo
2026-03-11 23:42:08 [WARNING] stock bajo
2026-01-20 08:06:03 [WARNING] pago rechazado
2026-02-11 19:55:33 [INFO] stock bajo
2026-01-14 09:39:43 [INFO] devolución procesada
2026-02-13 17:37:34 [WARNING] pago rechazado
2026-04-11 07:58:51 [WARNING] stock bajo
2026-01-16 17:26:05 [ERROR] devolución procesada
2026-02-21 22:58:37 [WARNING] stock bajo
2026-04-08 04:49:34 [WARNING] pago rechazado
2026-04-21 03:44:11 [WARNING] stock bajo
2026-05-10 19:29:51 [WARNING] venta realizada
2026-03-15 01:04:20 [INFO] venta realizada
2026-02-27 13:30:15 [INFO] stock bajo
2026-02-04 03:47:01 [ERROR] pago rechazado
2026-05-07 14:50:23 [INFO] venta realizada
2026-02-20 12:34:27 [INFO] stock bajo
2026-01-22 20:23:11 [INFO] pago rechazado
2026-02-06 04:22:57 [ERROR] stock bajo
2026-04-14 18:53:44 [WARNING] pago rechazado
2026-04-14 05:26:46 [WARNING] devolución procesada
2026-04-07 15:36:26 [ERROR] stock bajo
2026-03-27 14:45:22 [INFO] stock bajo
2026-02-26 07:58:03 [INFO] stock bajo
2026-04-22 00:50:39 [WARNING] venta realizada
2026-02-04 13:36:34 [INFO] venta realizada
2026-03-24 16:46:51 [WARNING] venta realizada
2026-04-24 22:19:56 [INFO] devolución procesada
2026-03-25 19:10:29 [WARNING] pago rechazado
2026-05-06 05:41:59 [WARNING] venta realizada
2026-03-10 07:02:49 [WARNING] pago rechazado
2026-02-07 22:58:36 [ERROR] pago rechazado
2026-04-14 16:15:31 [WARNING] stock bajo
2026-03-22 11:12:31 [ERROR] venta realizada
2026-02-08 23:20:54 [ERROR] pago rechazado
2026-01-23 12:02:47 [ERROR] venta realizada
2026-04-05 21:06:26 [INFO] venta realizada
2026-03-01 12:51:50 [INFO] pago rechazado
2026-01-23 18:13:33 [INFO] devolución procesada
2026-03-13 19:15:33 [INFO] devolución procesada
2026-03-30 17:19:12 [ERROR] stock bajo
2026-05-09 05:57:22 [ERROR] stock bajo
2026-04-28 22:44:17 [ERROR] venta realizada
2026-02-23 15:23:08 [WARNING] pago rechazado
2026-02-22 19:00:09 [ERROR] stock bajo
2026-02-06 01:09:55 [INFO] venta realizada
2026-03-12 09:43:54 [INFO] venta realizada
2026-02-12 21:06:14 [WARNING] venta realizada
2026-03-04 13:07:41 [WARNING] venta realizada
2026-03-30 23:07:24 [INFO] devolución procesada
2026-03-31 05:15:18 [ERROR] devolución procesada
2026-03-23 17:58:04 [INFO] devolución procesada
2026-01-30 02:11:45 [WARNING] stock bajo
2026-03-16 19:28:27 [INFO] pago rechazado
2026-04-03 08:19:08 [ERROR] devolución procesada
2026-02-19 23:22:31 [ERROR] pago rechazado
2026-04-22 20:37:01 [ERROR] venta realizada
2026-03-19 13:41:40 [INFO] devolución procesada
2026-04-06 03:04:51 [INFO] devolución procesada
2026-01-24 15:50:21 [ERROR] venta realizada
2026-03-12 07:54:55 [INFO] venta realizada
2026-03-05 10:21:23 [ERROR] venta realizada
2026-04-29 21:38:39 [INFO] devolución procesada
2026-04-05 23:08:20 [ERROR] pago rechazado
2026-02-27 11:13:34 [INFO] stock bajo
2026-04-23 02:37:20 [ERROR] pago rechazado
2026-01-23 20:08:58 [INFO] pago rechazado
2026-03-11 22:11:01 [ERROR] venta realizada
2026-02-11 14:52:24 [INFO] stock bajo
2026-04-11 23:20:08 [INFO] pago rechazado
2026-04-26 02:18:09 [ERROR] stock bajo
2026-02-20 22:05:34 [ERROR] venta realizada
2026-02-06 02:16:15 [INFO] pago rechazado
2026-01-16 07:27:35 [INFO] pago rechazado
2026-03-16 15:48:31 [ERROR] devolución procesada
2026-01-31 05:21:05 [INFO] venta realizada
2026-03-12 21:36:37 [ERROR] stock bajo
2026-03-27 03:02:44 [WARNING] pago rechazado
2026-01-22 11:46:54 [ERROR] pago rechazado
2026-03-24 11:58:15 [ERROR] stock bajo
2026-03-20 08:56:52 [ERROR] venta realizada
2026-03-15 15:42:10 [ERROR] devolución procesada
2026-01-21 12:21:01 [ERROR] venta realizada
2026-03-20 21:07:49 [INFO] pago rechazado
2026-02-04 02:56:28 [INFO] venta realizada
2026-02-21 12:50:24 [WARNING] devolución procesada
2026-02-05 23:35:09 [WARNING] venta realizada
2026-01-18 17:24:18 [ERROR] pago rechazado
2026-01-27 17:13:27 [ERROR] venta realizada
2026-02-28 05:56:14 [ERROR] venta realizada
2026-04-04 11:01:32 [INFO] stock bajo
2026-01-27 02:25:26 [WARNING] devolución procesada
2026-04-05 10:27:18 [WARNING] stock bajo
2026-03-25 15:46:34 [INFO] devolución procesada
2026-03-13 09:28:10 [WARNING] venta realizada
2026-01-26 01:41:49 [WARNING] devolución procesada
2026-03-21 18:05:35 [ERROR] pago rechazado
2026-03-05 02:26:50 [INFO] stock bajo
2026-05-03 18:13:00 [INFO] stock bajo
2026-03-25 07:21:12 [ERROR] pago rechazado
2026-02-04 07:30:36 [INFO] devolución procesada
2026-02-07 06:10:15 [INFO] stock bajo
2026-04-05 19:45:22 [INFO] pago rechazado
2026-05-03 13:17:52 [ERROR] pago rechazado
2026-04-08 02:39:17 [ERROR] venta realizada
2026-03-16 11:19:16 [INFO] venta realizada
2026-04-15 18:42:50 [INFO] devolución procesada
2026-04-01 17:30:32 [ERROR] devolución procesada
2026-01-18 01:08:43 [WARNING] pago rechazado
2026-01-24 21:28:03 [ERROR] stock bajo
2026-02-12 10:23:24 [ERROR] stock bajo
2026-04-20 15:26:25 [ERROR] pago rechazado
2026-02-13 07:32:37 [WARNING] pago rechazado
2026-02-18 11:39:42 [INFO] stock bajo
2026-04-27 07:32:34 [ERROR] venta realizada
2026-01-29 00:46:57 [INFO] stock bajo
2026-01-20 05:19:22 [INFO] devolución procesada
2026-05-08 06:13:29 [WARNING] pago rechazado
2026-04-25 06:07:25 [WARNING] venta realizada
2026-04-22 10:55:06 [ERROR] devolución procesada
2026-04-05 02:36:56 [ERROR] venta realizada
2026-05-10 16:00:02 [WARNING] devolución procesada
2026-03-08 10:14:05 [ERROR] venta realizada
2026-01-21 05:27:07 [WARNING] pago rechazado
2026-04-23 23:19:21 [ERROR] venta realizada
2026-03-09 18:10:51 [INFO] devolución procesada
2026-03-25 23:54:35 [INFO] devolución procesada
2026-05-08 19:12:24 [INFO] pago rechazado
2026-05-04 00:40:12 [WARNING] stock bajo
2026-03-17 00:03:13 [INFO] venta realizada
2026-04-23 01:06:06 [ERROR] devolución procesada
2026-01-19 01:48:43 [INFO] venta realizada
2026-03-20 07:13:39 [WARNING] venta realizada
2026-01-25 18:08:03 [WARNING] pago rechazado
2026-04-19 06:38:19 [ERROR] devolución procesada
2026-05-03 13:33:07 [WARNING] devolución procesada
2026-04-23 12:02:30 [WARNING] devolución procesada
2026-04-16 18:10:14 [ERROR] devolución procesada
2026-05-04 14:39:12 [ERROR] devolución procesada
2026-01-15 18:29:27 [INFO] pago rechazado
2026-03-18 07:52:17 [ERROR] stock bajo
2026-01-23 07:18:12 [INFO] pago rechazado
2026-03-20 12:57:40 [WARNING] devolución procesada
2026-01-18 23:25:45 [INFO] pago rechazado
2026-04-05 12:23:19 [INFO] venta realizada
2026-05-04 05:29:00 [ERROR] devolución procesada
2026-01-25 19:04:06 [ERROR] devolución procesada
2026-04-05 06:27:10 [WARNING] pago rechazado
2026-04-08 11:15:52 [WARNING] stock bajo
2026-04-13 18:33:28 [WARNING] devolución procesada
2026-04-30 19:27:11 [ERROR] venta realizada
2026-04-13 01:17:35 [WARNING] venta realizada
2026-02-07 08:31:27 [WARNING] stock bajo
2026-03-02 13:29:05 [WARNING] stock bajo
2026-03-05 15:04:24 [WARNING] devolución procesada
2026-03-23 07:10:55 [ERROR] pago rechazado
2026-03-06 02:10:05 [INFO] stock bajo
2026-04-10 16:28:29 [ERROR] venta realizada
2026-02-02 22:03:10 [WARNING] stock bajo
2026-01-31 05:06:44 [WARNING] venta realizada
2026-02-25 18:01:26 [INFO] devolución procesada
2026-03-12 05:43:43 [ERROR] venta realizada
2026-01-28 15:54:08 [INFO] venta realizada
2026-03-16 06:13:55 [WARNING] pago rechazado
2026-01-29 08:39:14 [ERROR] pago rechazado
2026-03-16 13:28:13 [WARNING] venta realizada
2026-04-25 17:53:40 [INFO] venta realizada
2026-04-30 13:50:23 [ERROR] pago rechazado
2026-04-11 00:47:47 [WARNING] pago rechazado
2026-04-29 05:19:58 [ERROR] stock bajo
2026-03-25 15:59:54 [WARNING] devolución procesada
2026-01-16 15:48:04 [INFO] stock bajo
2026-04-21 02:26:55 [ERROR] pago rechazado
2026-03-21 18:46:33 [INFO] pago rechazado
2026-04-23 18:36:09 [INFO] pago rechazado
2026-03-18 13:05:34 [WARNING] venta realizada
2026-02-18 05:21:31 [INFO] devolución procesada
2026-05-01 04:25:18 [INFO] stock bajo
2026-05-04 03:51:16 [INFO] pago rechazado
2026-03-27 19:19:05 [ERROR] pago rechazado
2026-02-09 20:19:50 [ERROR] venta realizada
2026-05-01 04:07:40 [ERROR] venta realizada
2026-03-23 09:37:00 [ERROR] venta realizada
2026-01-26 01:44:22 [WARNING] venta realizada
2026-03-05 02:30:14 [INFO] stock bajo
2026-03-23 11:02:16 [WARNING] venta realizada
2026-01-22 00:29:52 [ERROR] pago rechazado
2026-04-05 10:28:20 [WARNING] venta realizada
2026-04-08 08:49:41 [ERROR] stock bajo
2026-05-01 19:03:47 [INFO] devolución procesada
2026-03-26 07:07:12 [INFO] stock bajo
2026-02-12 14:36:25 [INFO] stock bajo
2026-05-03 01:14:14 [ERROR] venta realizada
2026-05-08 22:03:34 [WARNING] devolución procesada
2026-01-26 11:41:51 [INFO] venta realizada
2026-02-10 17:25:08 [WARNING] devolución procesada
2026-02-03 21:22:20 [ERROR] devolución procesada
2026-05-11 18:52:47 [WARNING] pago rechazado
2026-04-13 04:04:09 [ERROR] venta realizada
2026-04-28 22:20:30 [ERROR] venta realizada
2026-04-21 00:38:46 [ERROR] venta realizada
2026-03-02 18:54:43 [ERROR] stock bajo
2026-04-29 11:20:14 [INFO] devolución procesada
2026-02-02 09:23:04 [INFO] venta realizada
2026-04-05 00:19:50 [INFO] venta realizada
2026-03-21 09:29:43 [ERROR] pago rechazado
2026-02-17 02:17:37 [WARNING] stock bajo
2026-03-27 08:12:15 [INFO] venta realizada
2026-04-25 06:57:12 [INFO] devolución procesada
2026-02-12 05:29:13 [ERROR] venta realizada
2026-04-19 08:23:17 [WARNING] stock bajo
2026-02-09 18:12:21 [INFO] venta realizada
2026-02-12 11:21:42 [ERROR] venta realizada
2026-04-04 14:04:22 [INFO] devolución procesada
2026-04-07 16:51:57 [WARNING] devolución procesada
2026-04-19 04:26:32 [ERROR] venta realizada
2026-05-07 01:00:52 [ERROR] stock bajo
2026-04-15 17:26:44 [ERROR] pago rechazado
2026-01-13 01:18:34 [ERROR] devolución procesada
2026-04-07 13:35:16 [WARNING] devolución procesada
2026-04-17 19:09:43 [ERROR] devolución procesada
2026-03-19 15:18:50 [INFO] stock bajo
2026-02-18 01:14:21 [ERROR] pago rechazado
2026-03-23 10:06:38 [ERROR] pago rechazado
2026-04-28 12:44:28 [WARNING] venta realizada
2026-01-31 09:33:47 [INFO] stock bajo
2026-03-04 02:02:16 [INFO] pago rechazado
2026-05-06 02:05:22 [INFO] devolución procesada
2026-01-18 14:28:56 [ERROR] stock bajo
2026-02-13 17:05:04 [ERROR] pago rechazado
2026-02-28 10:24:28 [WARNING] pago rechazado
2026-05-12 10:04:12 [INFO] devolución procesada
2026-03-22 18:24:31 [WARNING] pago rechazado
2026-02-15 07:58:46 [WARNING] pago rechazado
2026-02-23 06:48:19 [ERROR] venta realizada
2026-03-28 22:11:53 [ERROR] devolución procesada
2026-02-17 11:26:39 [ERROR] devolución procesada
2026-01-16 18:16:27 [WARNING] venta realizada
2026-04-13 11:21:43 [ERROR] devolución procesada
2026-02-01 22:31:08 [WARNING] stock bajo
2026-02-25 13:35:20 [WARNING] stock bajo
2026-03-21 10:32:42 [INFO] pago rechazado
2026-02-22 08:04:41 [ERROR] stock bajo
2026-02-06 04:18:07 [WARNING] venta realizada
2026-01-23 15:07:06 [INFO] devolución procesada
2026-02-11 17:41:56 [INFO] stock bajo
2026-04-18 23:34:50 [ERROR] venta realizada
2026-04-22 21:36:42 [INFO] stock bajo
2026-04-11 08:43:14 [ERROR] pago rechazado
2026-03-30 16:56:53 [INFO] pago rechazado
2026-05-09 09:07:44 [WARNING] devolución procesada
2026-01-25 21:55:40 [INFO] devolución procesada
2026-02-12 18:44:45 [ERROR] venta realizada
2026-02-09 00:43:57 [WARNING] venta realizada
2026-02-15 05:15:01 [WARNING] devolución procesada
2026-03-23 01:14:50 [INFO] stock bajo
2026-03-27 21:27:05 [WARNING] stock bajo
2026-03-22 23:27:30 [INFO] stock bajo
2026-01-17 15:59:22 [WARNING] stock bajo
2026-02-02 07:27:17 [ERROR] stock bajo
2026-04-12 07:35:09 [INFO] devolución procesada
2026-01-13 11:53:35 [INFO] pago rechazado
2026-04-28 03:14:01 [WARNING] stock bajo
2026-04-22 02:31:59 [ERROR] devolución procesada
2026-05-04 14:25:01 [ERROR] pago rechazado
2026-03-18 08:35:54 [ERROR] devolución procesada
2026-01-16 14:10:24 [ERROR] pago rechazado
2026-04-14 23:18:28 [ERROR] stock bajo
2026-01-29 06:40:58 [INFO] pago rechazado
2026-01-18 03:51:20 [INFO] pago rechazado
2026-04-27 21:52:02 [INFO] devolución procesada
2026-05-11 12:14:24 [INFO] pago rechazado
2026-01-29 13:31:08 [ERROR] stock bajo
2026-02-12 17:39:16 [INFO] stock bajo
2026-01-21 13:59:23 [INFO] devolución procesada
2026-02-25 18:26:42 [INFO] stock bajo
2026-02-13 09:28:06 [ERROR] venta realizada
2026-02-23 17:07:32 [INFO] pago rechazado
2026-05-11 06:23:36 [ERROR] devolución procesada
2026-01-22 05:28:17 [INFO] venta realizada
2026-05-03 21:59:09 [ERROR] pago rechazado
2026-02-19 05:10:53 [WARNING] stock bajo
2026-03-23 20:55:25 [ERROR] stock bajo
2026-05-02 01:11:07 [INFO] stock bajo
2026-04-09 13:52:33 [INFO] devolución procesada
2026-04-26 00:59:43 [WARNING] pago rechazado
2026-02-22 10:41:04 [ERROR] pago rechazado
2026-04-08 16:44:17 [INFO] venta realizada
2026-01-22 18:21:51 [ERROR] stock bajo
2026-04-03 12:14:15 [INFO] venta realizada
2026-01-27 21:36:52 [ERROR] venta realizada
2026-01-27 18:31:30 [WARNING] pago rechazado
2026-05-09 22:45:49 [WARNING] pago rechazado
2026-01-16 14:49:35 [INFO] venta realizada
2026-03-29 03:21:19 [WARNING] venta realizada
2026-05-03 13:11:59 [INFO] pago rechazado
2026-02-10 21:16:41 [WARNING] venta realizada
2026-02-14 01:53:44 [ERROR] venta realizada
2026-03-28 20:18:42 [INFO] pago rechazado
2026-03-09 17:47:49 [WARNING] pago rechazado
2026-05-10 22:34:00 [ERROR] venta realizada
2026-04-06 06:37:57 [ERROR] devolución procesada
2026-01-13 00:13:19 [WARNING] devolución procesada
2026-05-07 08:10:17 [WARNING] pago rechazado
2026-03-17 20:02:12 [WARNING] stock bajo
2026-03-01 07:04:53 [INFO] devolución procesada
2026-03-02 10:57:00 [ERROR] venta realizada
2026-03-21 00:26:44 [ERROR] stock bajo
2026-01-13 03:14:13 [WARNING] pago rechazado
2026-03-30 08:17:52 [ERROR] devolución procesada
2026-01-27 09:25:10 [WARNING] venta realizada
2026-04-13 04:58:39 [ERROR] stock bajo
2026-04-28 00:21:40 [ERROR] pago rechazado
2026-02-15 04:35:56 [INFO] pago rechazado
2026-04-12 07:19:36 [WARNING] venta realizada
2026-04-30 06:41:34 [WARNING] venta realizada
2026-01-25 17:36:22 [WARNING] devolución procesada
2026-03-29 09:43:18 [INFO] stock bajo
2026-04-24 22:31:54 [WARNING] pago rechazado
2026-04-07 11:06:24 [INFO] pago rechazado
2026-02-12 22:15:09 [ERROR] venta realizada
2026-01-23 04:01:07 [WARNING] venta realizada
2026-05-08 04:15:33 [WARNING] stock bajo
2026-03-02 23:38:49 [WARNING] devolución procesada
2026-03-28 17:02:09 [INFO] devolución procesada
2026-05-12 14:26:48 [WARNING] stock bajo
2026-05-05 05:40:54 [WARNING] stock bajo
2026-04-25 01:46:03 [INFO] pago rechazado
2026-03-13 07:56:57 [WARNING] stock bajo
2026-03-27 10:29:35 [WARNING] pago rechazado
2026-03-06 18:57:28 [ERROR] pago rechazado
2026-05-06 23:13:33 [INFO] pago rechazado
2026-03-12 02:15:33 [WARNING] stock bajo
2026-02-23 10:18:25 [WARNING] devolución procesada
2026-04-01 18:27:07 [ERROR] devolución procesada
2026-03-11 04:06:27 [ERROR] venta realizada
2026-03-03 18:06:41 [INFO] pago rechazado
2026-04-14 19:31:15 [ERROR] pago rechazado
2026-04-25 07:42:59 [INFO] stock bajo
2026-04-27 12:11:17 [INFO] pago rechazado
2026-02-05 11:34:18 [INFO] venta realizada
2026-03-05 15:53:22 [WARNING] pago rechazado
2026-02-27 20:50:38 [INFO] stock bajo
2026-03-28 15:26:24 [ERROR] venta realizada
2026-01-21 12:23:08 [ERROR] venta realizada
2026-05-10 04:54:48 [ERROR] pago rechazado
2026-01-21 23:26:27 [WARNING] pago rechazado
2026-03-10 05:17:12 [WARNING] pago rechazado
2026-02-01 03:57:51 [INFO] devolución procesada
2026-05-03 10:21:28 [ERROR] stock bajo
2026-04-30 21:09:18 [INFO] venta realizada
2026-04-06 20:38:02 [INFO] devolución procesada
2026-05-12 18:54:56 [WARNING] venta realizada
2026-02-07 19:03:18 [WARNING] venta realizada
2026-04-18 01:45:50 [INFO] pago rechazado
2026-01-22 00:13:37 [WARNING] venta realizada
2026-03-12 09:27:31 [WARNING] stock bajo
2026-04-29 10:24:00 [ERROR] devolución procesada
2026-03-12 09:36:33 [INFO] devolución procesada
2026-03-30 12:57:29 [ERROR] venta realizada
2026-03-24 00:31:38 [INFO] venta realizada
2026-04-18 17:13:46 [ERROR] pago rechazado
2026-01-28 03:54:56 [ERROR] devolución procesada
2026-02-14 16:36:41 [ERROR] devolución procesada
2026-04-27 21:29:12 [ERROR] stock bajo
2026-04-16 20:12:41 [ERROR] devolución procesada
2026-04-30 15:08:00 [WARNING] devolución procesada
2026-02-04 04:22:02 [INFO] devolución procesada
2026-04-23 09:08:37 [WARNING] devolución procesada
2026-04-15 21:49:36 [INFO] venta realizada
2026-03-02 20:55:26 [INFO] stock bajo
2026-03-23 05:33:38 [ERROR] devolución procesada
2026-02-14 00:39:08 [ERROR] devolución procesada
2026-02-01 02:38:40 [ERROR] stock bajo
2026-02-24 08:00:10 [ERROR] pago rechazado
2026-01-29 02:51:38 [WARNING] devolución procesada
2026-03-11 15:29:30 [ERROR] devolución procesada
2026-04-12 11:07:22 [WARNING] devolución procesada
2026-05-08 16:52:37 [WARNING] stock bajo
2026-02-15 12:28:11 [ERROR] stock bajo
2026-04-21 10:23:56 [WARNING] devolución procesada
2026-01-15 23:43:25 [WARNING] stock bajo
2026-05-06 04:42:45 [ERROR] venta realizada
2026-01-31 08:53:19 [WARNING] stock bajo
2026-02-01 04:35:01 [WARNING] venta realizada
2026-03-19 14:15:05 [INFO] stock bajo
2026-01-15 04:20:08 [INFO] venta realizada
2026-04-26 00:27:58 [ERROR] stock bajo
2026-02-06 08:48:28 [INFO] venta realizada
2026-04-08 12:44:06 [WARNING] venta realizada
2026-01-15 05:05:38 [ERROR] pago rechazado
2026-05-12 02:21:50 [INFO] stock bajo
2026-02-18 11:24:08 [INFO] pago rechazado
2026-04-01 22:53:01 [WARNING] devolución procesada
2026-04-01 10:54:38 [ERROR] venta realizada
2026-05-09 20:40:11 [INFO] stock bajo
2026-02-15 00:22:04 [WARNING] stock bajo
2026-04-30 07:24:13 [WARNING] pago rechazado
2026-03-10 12:44:17 [ERROR] stock bajo
2026-01-21 20:34:43 [INFO] venta realizada
2026-05-09 17:11:47 [ERROR] stock bajo
2026-01-23 04:08:05 [INFO] pago rechazado
2026-02-08 09:01:34 [INFO] venta realizada
2026-01-13 04:41:32 [ERROR] devolución procesada
2026-01-19 04:16:44 [INFO] pago rechazado
2026-02-18 05:44:21 [ERROR] devolución procesada
2026-03-17 20:56:03 [INFO] devolución procesada
2026-02-06 11:00:36 [WARNING] pago rechazado
2026-03-06 15:16:00 [WARNING] pago rechazado
2026-05-06 06:56:28 [WARNING] pago rechazado
2026-03-11 17:20:06 [WARNING] pago rechazado
2026-05-02 04:38:45 [INFO] stock bajo
2026-05-04 18:38:29 [INFO] pago rechazado
2026-03-13 06:05:23 [ERROR] devolución procesada
2026-01-30 16:59:49 [ERROR] stock bajo
2026-03-20 23:50:34 [WARNING] venta realizada
2026-03-31 12:35:34 [ERROR] pago rechazado
2026-04-29 10:16:41 [WARNING] stock bajo
2026-04-06 16:12:29 [ERROR] stock bajo
2026-03-08 05:58:08 [ERROR] stock bajo
2026-04-06 21:02:36 [WARNING] devolución procesada
2026-01-22 15:14:28 [ERROR] devolución procesada
2026-03-11 03:53:51 [WARNING] stock bajo
2026-02-04 04:33:35 [ERROR] venta realizada
2026-03-06 11:47:24 [ERROR] venta realizada
2026-04-20 06:29:13 [WARNING] stock bajo
2026-03-25 09:45:54 [WARNING] devolución procesada
2026-02-04 05:38:45 [ERROR] stock bajo
2026-03-21 15:56:07 [INFO] pago rechazado
2026-02-25 20:59:59 [INFO] devolución procesada
2026-01-13 04:50:57 [ERROR] venta realizada
2026-03-10 11:10:29 [ERROR] pago rechazado
2026-02-26 20:40:37 [ERROR] devolución procesada
2026-04-10 14:13:33 [ERROR] stock bajo
2026-05-10 11:38:48 [WARNING] devolución procesada
2026-05-04 00:50:02 [INFO] pago rechazado
2026-02-28 07:16:36 [WARNING] stock bajo
2026-01-20 06:40:15 [ERROR] pago rechazado
2026-02-27 03:22:40 [ERROR] stock bajo
2026-03-05 10:57:42 [INFO] stock bajo
2026-03-24 00:55:32 [ERROR] pago rechazado
2026-03-15 21:00:14 [WARNING] pago rechazado
2026-03-26 23:34:22 [ERROR] venta realizada
2026-02-21 22:55:21 [INFO] pago rechazado
2026-04-17 22:51:44 [ERROR] venta realizada
2026-03-07 10:41:25 [INFO] stock bajo
2026-01-22 00:26:28 [WARNING] stock bajo
2026-03-02 01:06:55 [INFO] devolución procesada
2026-03-21 17:12:04 [INFO] devolución procesada
2026-01-23 12:04:40 [INFO] devolución procesada
2026-04-23 23:40:38 [WARNING] devolución procesada
2026-01-28 03:10:09 [WARNING] pago rechazado
2026-04-14 07:28:52 [INFO] stock bajo
2026-02-18 09:43:59 [WARNING] pago rechazado
2026-01-30 19:48:19 [ERROR] stock bajo
2026-02-08 05:12:12 [WARNING] pago rechazado
2026-03-23 19:51:10 [INFO] venta realizada
2026-05-09 09:35:11 [INFO] venta realizada
2026-03-18 11:57:33 [ERROR] stock bajo
2026-03-16 02:40:42 [WARNING] stock bajo
2026-02-10 23:18:52 [INFO] venta realizada
2026-03-22 05:21:31 [ERROR] pago rechazado
2026-04-12 16:44:22 [WARNING] venta realizada
2026-03-23 07:35:45 [WARNING] venta realizada
2026-01-14 01:35:10 [INFO] devolución procesada
2026-01-20 05:15:13 [WARNING] pago rechazado
2026-04-05 06:42:58 [INFO] devolución procesada
2026-02-05 08:33:51 [WARNING] venta realizada
2026-03-09 08:30:50 [WARNING] pago rechazado
2026-01-16 05:40:10 [INFO] pago rechazado
2026-03-31 00:43:41 [WARNING] stock bajo
2026-02-20 02:52:19 [INFO] venta realizada
2026-03-09 21:23:21 [WARNING] stock bajo
2026-02-23 22:03:48 [INFO] venta realizada
2026-02-06 11:51:00 [WARNING] stock bajo
2026-03-09 06:04:31 [ERROR] pago rechazado
2026-02-26 15:59:31 [INFO] pago rechazado
2026-03-02 15:57:26 [ERROR] devolución procesada
2026-04-14 13:56:04 [INFO] stock bajo
2026-04-17 23:38:10 [ERROR] devolución procesada
2026-04-20 22:13:27 [INFO] stock bajo
2026-04-08 12:51:45 [WARNING] pago rechazado
2026-04-23 12:07:47 [INFO] venta realizada
2026-01-20 17:47:47 [WARNING] stock bajo
2026-03-27 12:12:01 [ERROR] stock bajo
2026-04-24 18:09:55 [WARNING] venta realizada
2026-01-28 06:34:59 [INFO] pago rechazado
2026-04-14 15:06:47 [INFO] pago rechazado
2026-04-20 14:24:14 [ERROR] pago rechazado
2026-03-11 16:48:07 [ERROR] devolución procesada
2026-03-22 18:00:47 [ERROR] stock bajo
2026-01-29 03:51:36 [WARNING] pago rechazado
2026-02-19 20:42:01 [INFO] pago rechazado
2026-04-16 10:01:00 [WARNING] pago rechazado
2026-05-04 19:05:42 [INFO] pago rechazado
2026-02-11 08:29:39 [ERROR] venta realizada
2026-01-18 03:44:21 [WARNING] pago rechazado
2026-02-23 05:47:19 [WARNING] venta realizada
2026-01-30 14:24:00 [WARNING] stock bajo
2026-04-26 03:37:33 [INFO] stock bajo
2026-03-18 13:01:55 [WARNING] pago rechazado
2026-04-09 10:27:18 [ERROR] stock bajo
2026-01-24 22:10:44 [INFO] venta realizada
2026-04-01 17:33:25 [INFO] venta realizada
2026-04-13 22:03:01 [INFO] stock bajo
2026-01-30 16:29:56 [WARNING] pago rechazado
2026-01-15 03:17:51 [INFO] pago rechazado
2026-01-31 20:59:50 [WARNING] venta realizada
2026-02-02 01:49:07 [WARNING] devolución procesada
2026-04-08 04:52:33 [ERROR] pago rechazado
2026-01-30 17:30:06 [ERROR] venta realizada
2026-03-24 00:30:52 [INFO] venta realizada
2026-04-23 00:37:22 [INFO] pago rechazado
2026-02-15 01:54:44 [ERROR] venta realizada
2026-03-30 19:13:08 [ERROR] venta realizada
2026-01-31 15:15:12 [INFO] devolución procesada
2026-03-01 10:26:26 [ERROR] venta realizada
2026-03-16 06:20:19 [WARNING] stock bajo
2026-02-28 02:53:47 [WARNING] stock bajo
2026-02-27 23:39:51 [INFO] devolución procesada
2026-04-14 16:45:48 [WARNING] stock bajo
2026-02-01 11:18:16 [ERROR] devolución procesada
2026-03-23 15:47:28 [ERROR] devolución procesada
2026-04-02 10:51:55 [ERROR] stock bajo
2026-02-07 10:59:55 [INFO] venta realizada
2026-03-04 05:36:16 [INFO] venta realizada
2026-04-10 07:40:49 [WARNING] pago rechazado
2026-02-08 01:55:46 [WARNING] venta realizada
2026-04-24 23:02:42 [WARNING] pago rechazado
2026-04-10 00:59:29 [ERROR] venta realizada
2026-04-08 07:34:58 [INFO] pago rechazado
2026-03-19 20:16:26 [INFO] stock bajo
2026-02-20 10:13:18 [WARNING] devolución procesada
2026-03-18 19:24:55 [ERROR] stock bajo
2026-05-09 19:46:53 [WARNING] devolución procesada
2026-01-17 05:28:12 [INFO] venta realizada
2026-03-22 08:40:53 [INFO] devolución procesada
2026-01-23 15:21:29 [INFO] pago rechazado
2026-02-03 10:32:43 [INFO] pago rechazado
2026-04-03 20:11:07 [WARNING] stock bajo
2026-03-03 04:59:59 [WARNING] pago rechazado
2026-03-29 09:45:54 [INFO] pago rechazado
2026-05-08 15:03:53 [WARNING] venta realizada
2026-02-21 11:16:35 [INFO] pago rechazado
2026-03-21 11:13:49 [ERROR] devolución procesada
2026-03-06 02:57:24 [INFO] pago rechazado
2026-04-06 03:41:01 [INFO] venta realizada
2026-01-26 11:29:28 [INFO] venta realizada
2026-01-28 23:42:36 [INFO] venta realizada
2026-03-16 09:26:13 [INFO] stock bajo
2026-02-11 20:18:23 [WARNING] devolución procesada
2026-04-11 15:00:54 [WARNING] devolución procesada
2026-05-07 04:25:26 [ERROR] venta realizada
2026-02-10 01:36:35 [WARNING] devolución procesada
2026-05-07 01:57:13 [ERROR] devolución procesada
2026-02-16 12:49:55 [INFO] stock bajo
2026-04-14 12:29:31 [INFO] stock bajo
2026-04-25 19:12:23 [WARNING] pago rechazado
2026-01-31 18:08:59 [INFO] pago rechazado
2026-04-12 23:50:50 [INFO] pago rechazado
2026-04-06 20:44:15 [INFO] stock bajo
2026-02-25 11:00:57 [WARNING] devolución procesada
2026-04-13 10:36:48 [INFO] stock bajo
2026-01-14 23:24:12 [ERROR] pago rechazado
2026-03-10 12:06:33 [WARNING] venta realizada
2026-01-18 08:46:14 [ERROR] devolución procesada
2026-02-26 17:11:34 [WARNING] stock bajo
2026-02-07 14:00:20 [INFO] devolución procesada
2026-04-12 23:54:46 [INFO] venta realizada
2026-03-23 22:41:28 [ERROR] stock bajo
2026-05-07 18:26:35 [INFO] pago rechazado
2026-02-26 01:19:55 [WARNING] pago rechazado
2026-03-29 21:48:08 [ERROR] pago rechazado
2026-05-04 15:11:24 [INFO] stock bajo
2026-02-18 05:33:54 [ERROR] stock bajo
2026-01-20 07:29:40 [ERROR] venta realizada
2026-03-05 09:35:33 [INFO] pago rechazado
2026-05-05 16:07:52 [INFO] stock bajo
2026-03-20 05:02:54 [WARNING] pago rechazado
2026-04-16 06:49:53 [WARNING] stock bajo
2026-02-09 03:31:07 [WARNING] venta realizada
2026-04-25 20:08:04 [INFO] stock bajo
2026-04-28 12:42:01 [WARNING] stock bajo
2026-02-01 05:10:23 [WARNING] pago rechazado
2026-03-03 16:18:54 [WARNING] devolución procesada
2026-01-29 16:10:18 [WARNING] pago rechazado
2026-02-28 14:58:15 [ERROR] stock bajo
2026-02-11 01:41:11 [INFO] stock bajo
2026-02-26 02:52:26 [INFO] pago rechazado
2026-04-17 22:24:26 [INFO] stock bajo
2026-01-20 13:00:15 [ERROR] pago rechazado
2026-02-22 10:10:33 [ERROR] devolución procesada
2026-02-10 09:11:05 [INFO] pago rechazado
2026-01-18 01:06:20 [ERROR] venta realizada
2026-05-04 21:30:34 [INFO] devolución procesada
2026-04-09 18:58:35 [WARNING] stock bajo
2026-04-08 19:34:59 [ERROR] stock bajo
2026-01-13 00:53:58 [INFO] venta realizada
2026-03-11 11:53:59 [WARNING] devolución procesada
2026-02-03 01:17:25 [ERROR] venta realizada
2026-04-09 18:51:30 [INFO] venta realizada
2026-03-08 10:04:14 [WARNING] venta realizada
2026-03-07 12:10:11 [WARNING] devolución procesada
2026-03-12 08:06:31 [ERROR] devolución procesada
2026-04-30 11:36:48 [WARNING] devolución procesada
2026-03-03 06:23:03 [ERROR] pago rechazado
2026-03-13 17:47:44 [INFO] pago rechazado
2026-01-23 19:34:43 [WARNING] venta realizada
2026-04-08 04:04:34 [ERROR] devolución procesada
2026-03-07 01:02:11 [ERROR] stock bajo
2026-03-08 15:48:39 [ERROR] stock bajo
2026-01-28 15:29:53 [WARNING] stock bajo
2026-01-24 01:54:53 [WARNING] venta realizada
2026-04-16 19:20:12 [INFO] venta realizada
2026-04-26 02:50:47 [ERROR] stock bajo
2026-03-23 13:16:43 [ERROR] stock bajo
2026-03-15 05:04:12 [WARNING] devolución procesada
2026-01-18 08:42:43 [WARNING] stock bajo
2026-05-04 20:28:46 [ERROR] devolución procesada
2026-04-29 03:06:15 [WARNING] venta realizada
2026-02-17 01:13:22 [ERROR] devolución procesada
2026-04-02 18:52:34 [ERROR] pago rechazado
2026-04-26 22:26:53 [ERROR] stock bajo
2026-05-02 12:26:50 [ERROR] devolución procesada
2026-04-14 03:00:32 [ERROR] pago rechazado
2026-02-27 18:05:10 [ERROR] devolución procesada
2026-03-25 23:22:08 [WARNING] stock bajo
2026-04-22 13:04:04 [WARNING] venta realizada
2026-03-02 09:57:51 [INFO] devolución procesada
2026-01-22 06:57:22 [INFO] stock bajo
2026-02-24 00:00:50 [INFO] stock bajo
2026-03-01 13:35:33 [WARNING] stock bajo
2026-03-24 06:23:35 [ERROR] pago rechazado
2026-01-31 19:11:34 [ERROR] venta realizada
2026-02-25 19:19:32 [INFO] venta realizada
2026-01-16 21:46:34 [WARNING] venta realizada
2026-05-08 20:14:04 [INFO] pago rechazado
2026-01-31 03:40:54 [INFO] devolución procesada
2026-03-09 23:34:16 [INFO] venta realizada
2026-02-19 22:37:15 [WARNING] pago rechazado
2026-04-22 18:35:18 [ERROR] venta realizada
2026-03-15 02:39:30 [WARNING] devolución procesada
2026-03-03 11:35:03 [WARNING] devolución procesada
2026-05-09 19:05:53 [ERROR] devolución procesada
2026-03-23 14:30:15 [WARNING] stock bajo
2026-03-01 02:21:44 [ERROR] stock bajo
2026-04-28 19:44:59 [INFO] stock bajo
2026-03-10 23:16:33 [WARNING] pago rechazado
2026-04-10 19:22:32 [INFO] venta realizada
2026-01-23 20:21:08 [WARNING] venta realizada
2026-02-21 12:25:18 [ERROR] stock bajo
2026-04-02 17:43:27 [ERROR] devolución procesada
2026-05-03 21:37:12 [ERROR] pago rechazado
2026-04-12 13:06:34 [WARNING] venta realizada
2026-03-22 01:11:17 [INFO] devolución procesada
2026-02-10 17:27:05 [INFO] stock bajo
2026-02-01 14:06:43 [INFO] devolución procesada
2026-03-23 06:56:51 [ERROR] pago rechazado
2026-01-24 05:22:29 [INFO] stock bajo
2026-03-04 18:38:11 [WARNING] devolución procesada
2026-01-27 14:00:58 [ERROR] venta realizada
2026-02-12 22:38:28 [INFO] venta realizada
2026-04-30 04:00:14 [INFO] venta realizada
2026-03-06 19:30:21 [INFO] venta realizada
2026-01-31 05:16:04 [WARNING] stock bajo
2026-03-17 04:02:10 [INFO] devolución procesada
2026-04-16 09:17:34 [WARNING] devolución procesada
2026-04-11 20:09:21 [INFO] venta realizada
2026-03-17 11:39:34 [WARNING] pago rechazado
2026-02-04 19:17:47 [WARNING] stock bajo
2026-04-10 10:20:35 [INFO] venta realizada
2026-04-06 08:20:57 [WARNING] pago rechazado
2026-02-11 03:07:10 [INFO] devolución procesada
2026-03-14 14:34:53 [ERROR] stock bajo
2026-01-14 10:36:48 [WARNING] stock bajo
2026-04-16 21:07:02 [INFO] pago rechazado
2026-03-01 01:53:31 [WARNING] venta realizada
2026-04-06 04:50:10 [INFO] venta realizada
2026-04-06 07:01:15 [ERROR] venta realizada
2026-03-09 01:33:21 [ERROR] venta realizada
2026-04-29 12:51:50 [WARNING] pago rechazado
2026-01-22 10:29:47 [WARNING] venta realizada
2026-02-18 09:58:00 [WARNING] venta realizada
2026-04-29 09:23:14 [ERROR] pago rechazado
2026-05-06 12:59:09 [INFO] stock bajo
2026-03-10 02:31:26 [INFO] stock bajo
2026-02-14 09:04:50 [WARNING] stock bajo
2026-02-09 20:23:22 [ERROR] pago rechazado
2026-05-04 07:40:56 [WARNING] venta realizada
2026-04-19 13:24:11 [INFO] venta realizada
2026-04-04 23:05:05 [INFO] stock bajo
2026-03-15 00:04:56 [ERROR] venta realizada
2026-05-06 05:01:18 [INFO] pago rechazado
2026-04-15 08:39:44 [ERROR] pago rechazado
2026-05-06 03:15:13 [WARNING] pago rechazado
2026-04-23 19:41:59 [WARNING] devolución procesada
2026-03-07 02:35:28 [ERROR] devolución procesada
2026-02-25 00:10:43 [WARNING] devolución procesada
2026-05-12 04:47:56 [INFO] pago rechazado
2026-02-10 19:25:16 [ERROR] pago rechazado
2026-04-14 06:12:58 [INFO] venta realizada
2026-02-17 04:08:39 [WARNING] pago rechazado
2026-04-21 14:12:16 [INFO] venta realizada
2026-03-27 10:16:51 [WARNING] devolución procesada
2026-02-17 12:11:50 [INFO] pago rechazado
2026-03-19 02:08:08 [ERROR] pago rechazado
2026-04-08 02:16:16 [INFO] stock bajo
2026-02-12 03:04:44 [WARNING] devolución procesada
2026-04-05 22:10:41 [WARNING] venta realizada
2026-04-30 12:51:46 [ERROR] pago rechazado
2026-03-16 21:51:06 [INFO] venta realizada
2026-02-12 05:41:01 [ERROR] devolución procesada
2026-05-11 19:17:42 [INFO] pago rechazado
2026-04-25 18:19:01 [ERROR] venta realizada
2026-04-09 10:53:30 [ERROR] pago rechazado
2026-01-26 02:17:52 [ERROR] devolución procesada
2026-02-07 01:38:46 [INFO] stock bajo
2026-05-01 04:23:06 [WARNING] venta realizada
2026-04-03 23:02:29 [ERROR] pago rechazado
2026-01-31 18:41:52 [WARNING] stock bajo
2026-03-07 22:09:05 [WARNING] pago rechazado
2026-02-12 10:53:57 [ERROR] pago rechazado
2026-02-04 08:35:23 [INFO] venta realizada
2026-02-13 15:29:25 [ERROR] pago rechazado
2026-02-19 14:54:19 [INFO] devolución procesada
2026-01-20 00:22:09 [ERROR] pago rechazado
2026-03-01 12:55:09 [WARNING] venta realizada
2026-01-17 14:29:12 [WARNING] devolución procesada
2026-04-02 22:17:30 [WARNING] devolución procesada
2026-02-17 03:01:56 [ERROR] venta realizada
2026-01-28 00:11:20 [WARNING] pago rechazado
2026-04-25 02:19:42 [INFO] devolución procesada
2026-05-07 04:31:00 [WARNING] venta realizada
2026-04-18 23:09:04 [WARNING] devolución procesada
2026-04-04 16:10:36 [WARNING] devolución procesada
2026-03-31 22:36:34 [INFO] devolución procesada
2026-01-14 00:07:22 [WARNING] venta realizada
2026-04-14 23:08:38 [INFO] stock bajo
2026-01-30 03:56:19 [INFO] venta realizada
2026-04-29 22:00:15 [INFO] pago rechazado
2026-05-06 14:27:42 [ERROR] stock bajo
2026-05-04 15:25:35 [INFO] pago rechazado
2026-02-21 18:51:57 [ERROR] devolución procesada
2026-02-18 17:26:45 [INFO] devolución procesada
2026-02-14 01:21:01 [WARNING] venta realizada
2026-01-19 02:46:51 [ERROR] pago rechazado
2026-03-23 03:45:43 [INFO] stock bajo
2026-03-01 12:01:35 [ERROR] devolución procesada
2026-04-26 23:05:10 [ERROR] pago rechazado
2026-01-22 02:54:46 [WARNING] devolución procesada
2026-02-23 23:42:35 [INFO] venta realizada
2026-04-06 02:02:05 [INFO] stock bajo
2026-01-28 17:00:07 [INFO] venta realizada
2026-03-19 00:44:31 [WARNING] pago rechazado
2026-04-02 06:43:26 [INFO] devolución procesada
2026-02-14 18:56:01 [INFO] devolución procesada
2026-02-02 11:01:11 [INFO] pago rechazado
2026-01-29 11:06:39 [WARNING] venta realizada
2026-05-12 04:52:41 [ERROR] stock bajo
2026-04-02 20:32:14 [INFO] devolución procesada
2026-03-12 16:57:30 [WARNING] devolución procesada
2026-04-25 03:06:00 [INFO] devolución procesada
2026-04-26 16:59:11 [WARNING] stock bajo
2026-05-03 17:09:33 [INFO] venta realizada
2026-01-18 14:19:26 [INFO] venta realizada
2026-02-28 17:17:57 [WARNING] stock bajo
2026-04-26 21:44:56 [ERROR] venta realizada
2026-04-08 17:46:14 [ERROR] venta realizada
2026-03-11 16:36:36 [WARNING] stock bajo
2026-05-06 09:39:22 [WARNING] venta realizada
2026-04-24 09:46:48 [ERROR] stock bajo
2026-04-01 03:11:12 [WARNING] devolución procesada
2026-04-11 11:14:19 [ERROR] venta realizada
2026-04-26 04:16:08 [ERROR] pago rechazado
2026-05-09 17:30:59 [INFO] venta realizada
2026-02-15 23:58:13 [ERROR] pago rechazado
2026-02-20 10:14:17 [INFO] stock bajo
2026-01-20 00:32:40 [INFO] pago rechazado
2026-05-09 01:16:50 [ERROR] stock bajo
2026-02-09 06:52:00 [WARNING] devolución procesada
2026-03-07 04:55:23 [WARNING] venta realizada
2026-02-12 09:58:18 [ERROR] pago rechazado
2026-02-27 04:44:11 [INFO] devolución procesada
2026-02-19 13:43:43 [ERROR] pago rechazado
2026-01-13 02:53:52 [WARNING] venta realizada
2026-04-24 06:06:18 [INFO] devolución procesada
2026-04-27 07:00:04 [WARNING] venta realizada
2026-02-17 04:06:56 [ERROR] devolución procesada
2026-03-24 02:26:25 [WARNING] venta realizada
2026-02-08 23:39:24 [WARNING] devolución procesada
2026-02-12 13:53:51 [WARNING] stock bajo
2026-02-08 10:41:58 [WARNING] venta realizada
2026-03-03 22:56:48 [ERROR] venta realizada
2026-04-23 19:39:30 [INFO] pago rechazado
2026-05-08 10:00:17 [INFO] venta realizada
2026-03-15 12:47:37 [ERROR] devolución procesada
2026-03-09 02:11:33 [WARNING] devolución procesada
2026-01-13 02:09:06 [WARNING] pago rechazado
2026-01-20 14:11:04 [WARNING] devolución procesada
2026-04-29 05:01:22 [INFO] pago rechazado
2026-04-20 15:59:16 [ERROR] stock bajo
2026-01-18 09:37:18 [INFO] devolución procesada
2026-04-24 22:24:20 [WARNING] venta realizada
2026-01-18 09:40:07 [WARNING] devolución procesada
2026-04-29 09:50:37 [ERROR] devolución procesada
2026-03-26 12:32:48 [WARNING] venta realizada
2026-05-12 22:13:17 [ERROR] venta realizada
2026-05-09 21:33:49 [INFO] venta realizada
2026-02-12 22:26:03 [ERROR] venta realizada
2026-03-27 12:37:37 [WARNING] venta realizada
2026-02-28 13:39:54 [ERROR] devolución procesada
2026-03-22 23:59:30 [INFO] devolución procesada
2026-02-20 20:31:39 [ERROR] stock bajo
2026-01-16 04:40:34 [WARNING] pago rechazado
2026-03-12 07:30:49 [ERROR] pago rechazado
2026-04-09 16:18:21 [INFO] venta realizada
2026-02-03 10:33:44 [ERROR] venta realizada
2026-02-04 22:12:33 [WARNING] stock bajo
2026-04-28 19:28:41 [ERROR] pago rechazado
2026-05-04 09:07:09 [WARNING] pago rechazado
2026-04-07 11:20:06 [ERROR] stock bajo
2026-04-28 17:51:15 [ERROR] pago rechazado
2026-03-21 20:16:03 [ERROR] devolución procesada
2026-03-21 03:50:01 [WARNING] venta realizada
2026-02-06 07:42:50 [INFO] devolución procesada
2026-02-05 06:02:07 [WARNING] devolución procesada
2026-05-05 21:55:01 [WARNING] stock bajo
2026-01-22 11:48:08 [INFO] venta realizada
2026-01-19 19:55:56 [INFO] devolución procesada
2026-02-03 11:58:08 [INFO] stock bajo
2026-04-23 19:11:33 [ERROR] pago rechazado
2026-04-17 07:52:02 [INFO] pago rechazado
2026-01-14 11:58:13 [WARNING] stock bajo
2026-04-10 13:22:43 [ERROR] devolución procesada
2026-01-13 09:46:09 [ERROR] devolución procesada
2026-01-22 23:48:24 [INFO] devolución procesada
2026-05-11 23:53:07 [INFO] devolución procesada
2026-03-19 21:28:38 [WARNING] stock bajo
2026-02-27 08:58:06 [WARNING] stock bajo
2026-04-16 20:03:02 [INFO] venta realizada
2026-01-20 23:40:02 [WARNING] devolución procesada
2026-03-13 22:08:26 [INFO] pago rechazado
2026-03-24 20:30:56 [WARNING] devolución procesada
2026-03-25 02:56:01 [ERROR] venta realizada
2026-04-07 08:36:36 [INFO] devolución procesada
2026-01-14 01:59:06 [WARNING] pago rechazado
2026-02-21 09:23:00 [INFO] devolución procesada
2026-01-21 06:45:00 [INFO] pago rechazado
2026-03-10 00:32:45 [WARNING] venta realizada
2026-02-05 03:06:24 [INFO] stock bajo
2026-03-15 17:44:45 [WARNING] venta realizada
2026-04-22 17:33:42 [WARNING] stock bajo
2026-05-04 18:59:45 [INFO] venta realizada
2026-05-12 13:32:19 [WARNING] devolución procesada
2026-05-07 06:39:16 [ERROR] devolución procesada
2026-04-16 06:37:50 [WARNING] pago rechazado
2026-04-13 08:59:11 [ERROR] pago rechazado
2026-05-10 08:12:11 [ERROR] venta realizada
2026-04-16 09:14:32 [ERROR] pago rechazado
2026-02-07 21:25:02 [ERROR] stock bajo
2026-04-20 00:54:58 [WARNING] pago rechazado
2026-03-23 13:45:50 [INFO] stock bajo
2026-02-27 05:41:44 [ERROR] devolución procesada
2026-03-18 08:08:29 [INFO] stock bajo
2026-03-28 01:51:47 [ERROR] pago rechazado
2026-05-08 00:10:49 [ERROR] pago rechazado
2026-02-10 12:12:17 [ERROR] pago rechazado
2026-04-21 12:42:31 [INFO] stock bajo
2026-02-16 03:33:06 [ERROR] venta realizada
2026-01-15 01:18:19 [ERROR] pago rechazado
2026-04-17 01:41:41 [INFO] stock bajo
2026-03-25 13:16:39 [WARNING] pago rechazado
2026-02-17 07:19:18 [ERROR] venta realizada
2026-02-23 01:00:13 [INFO] pago rechazado
2026-01-29 04:03:03 [INFO] venta realizada
2026-02-03 15:45:52 [ERROR] pago rechazado
2026-04-03 05:26:57 [ERROR] stock bajo
2026-01-29 15:06:38 [INFO] stock bajo
2026-03-02 01:28:13 [ERROR] pago rechazado
2026-02-05 13:57:02 [WARNING] stock bajo
2026-05-07 19:17:31 [ERROR] devolución procesada
2026-01-21 19:50:00 [INFO] stock bajo
2026-05-06 23:00:57 [WARNING] devolución procesada
2026-02-07 22:29:49 [INFO] stock bajo
2026-01-13 15:49:41 [WARNING] stock bajo
2026-04-03 22:35:46 [ERROR] stock bajo
2026-01-21 18:59:48 [ERROR] venta realizada
2026-05-10 13:26:41 [WARNING] pago rechazado
2026-02-15 23:32:58 [WARNING] venta realizada
2026-04-27 00:05:47 [ERROR] devolución procesada
2026-04-26 17:40:57 [INFO] stock bajo
2026-02-11 01:36:30 [WARNING] venta realizada
2026-04-10 16:19:28 [INFO] venta realizada
2026-04-12 21:59:22 [ERROR] stock bajo
2026-05-11 00:02:21 [INFO] venta realizada
2026-05-11 00:50:32 [INFO] devolución procesada
2026-03-25 18:19:22 [WARNING] venta realizada
2026-03-23 04:13:07 [INFO] devolución procesada
2026-04-21 20:03:15 [INFO] pago rechazado
2026-01-31 08:00:13 [ERROR] pago rechazado
2026-04-29 03:23:24 [ERROR] venta realizada
2026-04-22 18:17:21 [INFO] devolución procesada
2026-04-16 01:36:45 [WARNING] pago rechazado
2026-05-02 10:53:46 [ERROR] stock bajo
2026-03-24 11:28:43 [WARNING] venta realizada
2026-04-16 07:19:12 [WARNING] devolución procesada
2026-01-22 16:23:25 [WARNING] venta realizada
2026-05-11 11:02:01 [WARNING] devolución procesada
2026-03-21 03:12:28 [WARNING] devolución procesada
2026-04-27 03:44:00 [ERROR] stock bajo
2026-02-23 06:29:18 [WARNING] stock bajo
2026-02-23 09:42:58 [ERROR] devolución procesada
2026-04-17 19:29:57 [WARNING] devolución procesada
2026-04-02 03:23:26 [ERROR] pago rechazado
2026-01-25 03:59:33 [WARNING] devolución procesada
2026-01-31 04:01:26 [INFO] pago rechazado
2026-01-14 02:41:17 [WARNING] stock bajo
2026-02-03 03:03:26 [WARNING] stock bajo
2026-03-10 13:21:27 [ERROR] stock bajo
2026-04-20 20:11:59 [ERROR] venta realizada
2026-04-27 02:22:55 [ERROR] venta realizada
2026-02-17 18:56:25 [INFO] stock bajo
2026-03-15 21:06:20 [WARNING] pago rechazado
2026-02-09 06:00:13 [INFO] venta realizada
2026-03-06 05:22:22 [ERROR] pago rechazado
2026-05-04 11:07:14 [INFO] pago rechazado
2026-04-21 09:30:09 [ERROR] devolución procesada
2026-04-23 04:07:51 [WARNING] devolución procesada
2026-02-01 03:12:07 [INFO] devolución procesada
2026-02-11 15:28:02 [INFO] venta realizada
2026-02-28 08:00:19 [WARNING] devolución procesada
2026-02-18 21:30:23 [ERROR] pago rechazado
2026-02-17 19:58:08 [INFO] stock bajo
2026-03-12 05:40:36 [INFO] venta realizada
2026-03-05 01:00:02 [ERROR] venta realizada
2026-03-09 18:46:25 [INFO] devolución procesada
2026-01-29 22:55:05 [ERROR] devolución procesada
2026-04-30 11:24:07 [INFO] devolución procesada
2026-04-29 14:55:52 [ERROR] devolución procesada
2026-03-09 05:02:41 [ERROR] venta realizada
2026-03-20 21:36:32 [ERROR] stock bajo
2026-04-16 20:50:37 [ERROR] devolución procesada
2026-04-22 01:22:58 [INFO] devolución procesada
2026-01-31 22:11:31 [INFO] stock bajo
2026-02-22 04:21:54 [WARNING] pago rechazado
2026-01-26 13:58:58 [WARNING] devolución procesada
2026-02-11 09:38:07 [WARNING] devolución procesada
2026-01-15 17:28:54 [INFO] stock bajo
2026-04-07 07:00:50 [INFO] devolución procesada
2026-03-22 09:09:38 [WARNING] pago rechazado
2026-04-13 23:51:37 [INFO] devolución procesada
2026-01-20 21:41:04 [INFO] pago rechazado
2026-04-25 20:21:51 [ERROR] venta realizada
2026-04-03 03:35:00 [INFO] venta realizada
2026-03-17 18:33:54 [WARNING] devolución procesada
2026-01-17 16:26:11 [INFO] devolución procesada
2026-02-09 02:55:29 [WARNING] pago rechazado
2026-03-18 20:36:41 [INFO] devolución procesada
2026-01-29 02:04:30 [WARNING] stock bajo
2026-01-28 13:45:03 [INFO] venta realizada
2026-02-25 17:08:49 [ERROR] stock bajo
2026-01-17 09:34:27 [INFO] venta realizada
2026-04-17 13:01:52 [WARNING] stock bajo
2026-05-02 07:21:04 [ERROR] venta realizada
2026-01-19 15:57:57 [ERROR] venta realizada
2026-03-07 20:25:23 [ERROR] pago rechazado
2026-02-04 07:37:05 [ERROR] pago rechazado
2026-02-18 10:15:48 [ERROR] stock bajo
2026-02-08 01:50:59 [ERROR] pago rechazado
2026-03-22 04:17:44 [INFO] pago rechazado
2026-02-04 12:49:34 [INFO] venta realizada
2026-04-02 08:41:43 [INFO] pago rechazado
2026-01-20 02:25:41 [ERROR] devolución procesada
2026-04-25 00:07:26 [ERROR] pago rechazado
2026-01-18 07:51:13 [WARNING] stock bajo
2026-04-29 10:21:20 [WARNING] devolución procesada
2026-04-11 11:00:08 [ERROR] venta realizada
2026-01-26 21:30:04 [ERROR] devolución procesada
2026-04-29 16:22:15 [WARNING] venta realizada
2026-03-13 09:59:34 [WARNING] devolución procesada
2026-01-27 23:44:25 [WARNING] stock bajo
2026-03-21 01:27:49 [WARNING] pago rechazado
2026-02-26 12:12:08 [INFO] stock bajo
2026-05-02 09:00:18 [INFO] pago rechazado
2026-05-03 07:55:02 [WARNING] pago rechazado
2026-04-30 16:10:22 [INFO] stock bajo
2026-02-08 15:25:29 [INFO] venta realizada
2026-03-30 12:30:43 [INFO] pago rechazado
2026-05-05 05:35:49 [WARNING] venta realizada
2026-05-01 07:56:22 [WARNING] devolución procesada
2026-05-03 13:47:30 [ERROR] stock bajo
2026-04-03 22:42:31 [ERROR] stock bajo
2026-04-11 23:48:56 [INFO] stock bajo
2026-04-02 02:49:48 [ERROR] stock bajo
2026-02-23 01:22:05 [WARNING] pago rechazado
2026-01-30 05:16:10 [ERROR] venta realizada
2026-04-23 08:06:21 [ERROR] stock bajo
2026-02-12 07:30:23 [INFO] devolución procesada
2026-03-24 21:29:01 [INFO] devolución procesada
2026-02-20 09:59:11 [ERROR] venta realizada
2026-03-17 18:48:42 [ERROR] pago rechazado
2026-03-13 14:23:52 [ERROR] venta realizada
2026-02-27 23:10:08 [ERROR] pago rechazado
2026-03-30 23:12:47 [WARNING] devolución procesada
2026-04-06 07:43:43 [ERROR] stock bajo
2026-02-11 15:47:04 [WARNING] venta realizada
2026-04-03 01:57:10 [INFO] devolución procesada
2026-02-01 17:09:23 [ERROR] devolución procesada
2026-03-17 02:54:14 [WARNING] devolución procesada
2026-04-21 01:39:08 [INFO] stock bajo
2026-05-05 10:37:33 [WARNING] venta realizada
2026-03-22 07:21:48 [WARNING] venta realizada
2026-02-18 08:24:13 [ERROR] devolución procesada
2026-01-31 23:38:10 [INFO] stock bajo
2026-04-29 10:34:15 [WARNING] devolución procesada
2026-04-12 14:15:52 [ERROR] stock bajo
2026-01-23 22:54:45 [WARNING] devolución procesada
2026-01-29 22:10:03 [ERROR] devolución procesada
2026-04-29 10:06:26 [WARNING] stock bajo
2026-04-05 16:28:43 [INFO] stock bajo
2026-01-15 20:19:43 [INFO] devolución procesada
2026-02-18 11:36:41 [WARNING] pago rechazado
2026-02-17 10:54:22 [ERROR] venta realizada
2026-02-01 11:49:38 [ERROR] devolución procesada
2026-01-24 06:39:40 [WARNING] pago rechazado
2026-04-30 02:01:38 [WARNING] stock bajo
2026-05-04 17:40:12 [WARNING] stock bajo
2026-03-12 14:23:03 [WARNING] pago rechazado
2026-02-25 06:20:23 [WARNING] venta realizada
2026-04-18 03:33:48 [INFO] pago rechazado
2026-04-15 19:21:20 [INFO] venta realizada
2026-04-06 00:46:05 [ERROR] pago rechazado
2026-03-23 05:44:33 [WARNING] pago rechazado
2026-02-16 00:30:01 [INFO] pago rechazado
2026-05-07 13:00:17 [ERROR] pago rechazado
2026-01-27 10:34:23 [WARNING] stock bajo
2026-02-27 11:03:59 [ERROR] stock bajo
2026-01-19 15:32:52 [WARNING] venta realizada
2026-02-09 09:22:13 [WARNING] stock bajo
2026-03-01 17:50:11 [ERROR] pago rechazado
2026-04-05 08:48:13 [ERROR] pago rechazado
2026-03-13 13:02:25 [INFO] pago rechazado
2026-04-17 18:30:32 [ERROR] pago rechazado
2026-03-21 04:48:42 [INFO] devolución procesada
2026-02-11 20:00:07 [ERROR] venta realizada
2026-04-08 08:47:17 [ERROR] devolución procesada
2026-03-02 15:20:34 [INFO] pago rechazado
2026-02-15 15:26:29 [INFO] stock bajo
2026-03-07 16:01:37 [WARNING] stock bajo
2026-05-02 06:10:39 [WARNING] stock bajo
2026-03-13 14:14:50 [ERROR] stock bajo
2026-03-01 09:56:45 [WARNING] venta realizada
2026-04-16 12:44:42 [ERROR] stock bajo
2026-02-20 16:13:02 [INFO] pago rechazado
2026-03-30 09:26:37 [WARNING] devolución procesada
2026-03-03 01:10:35 [WARNING] stock bajo
2026-03-20 11:03:50 [WARNING] devolución procesada
2026-03-31 08:57:10 [ERROR] stock bajo
2026-01-29 19:56:51 [ERROR] stock bajo
2026-05-12 08:30:20 [ERROR] devolución procesada
2026-01-17 19:30:42 [WARNING] venta realizada
2026-02-14 11:43:58 [ERROR] pago rechazado
2026-04-03 21:54:52 [WARNING] venta realizada
2026-02-12 15:01:08 [ERROR] pago rechazado
2026-03-31 05:41:16 [ERROR] venta realizada
2026-03-29 01:22:39 [INFO] pago rechazado
2026-05-08 04:57:04 [WARNING] stock bajo
2026-02-20 20:23:53 [ERROR] venta realizada
2026-04-30 05:12:25 [ERROR] venta realizada
2026-03-31 05:03:42 [INFO] devolución procesada
2026-03-26 09:43:53 [ERROR] venta realizada
2026-05-09 19:50:50 [WARNING] pago rechazado
2026-03-08 08:17:47 [ERROR] venta realizada
2026-02-22 18:51:47 [ERROR] stock bajo
2026-02-03 10:48:19 [INFO] pago rechazado
2026-05-03 02:05:41 [WARNING] stock bajo
2026-03-19 07:36:51 [WARNING] pago rechazado
2026-04-07 06:38:29 [ERROR] pago rechazado
2026-02-09 05:11:59 [ERROR] venta realizada
2026-04-18 11:21:59 [WARNING] pago rechazado
2026-04-02 23:09:24 [INFO] pago rechazado
2026-03-11 21:49:16 [ERROR] venta realizada
2026-04-18 21:42:35 [ERROR] stock bajo
2026-05-02 02:22:38 [ERROR] stock bajo
2026-01-14 03:00:30 [ERROR] venta realizada
2026-03-11 19:02:09 [INFO] devolución procesada
2026-02-10 21:27:49 [ERROR] venta realizada
2026-04-17 00:20:30 [ERROR] stock bajo
2026-02-02 22:56:57 [INFO] devolución procesada
2026-02-13 22:35:43 [ERROR] pago rechazado
2026-03-07 22:53:28 [WARNING] venta realizada
2026-03-24 02:53:10 [ERROR] venta realizada
2026-04-19 03:12:16 [WARNING] pago rechazado
2026-04-02 15:49:58 [ERROR] venta realizada
2026-04-20 11:35:41 [INFO] stock bajo
2026-04-24 13:15:46 [ERROR] stock bajo
2026-02-13 21:01:42 [WARNING] devolución procesada
2026-04-14 13:35:04 [INFO] devolución procesada
2026-04-23 21:42:13 [INFO] devolución procesada
2026-04-01 21:12:15 [INFO] stock bajo
2026-05-05 02:55:07 [ERROR] stock bajo
2026-05-05 13:13:53 [WARNING] venta realizada
2026-05-12 07:39:33 [INFO] pago rechazado
2026-03-19 06:03:56 [INFO] pago rechazado
2026-05-09 05:46:02 [INFO] stock bajo
2026-02-02 09:08:16 [ERROR] pago rechazado
2026-04-12 12:48:42 [ERROR] stock bajo
2026-04-27 16:27:26 [WARNING] venta realizada
2026-01-26 17:47:39 [INFO] venta realizada
2026-05-06 13:46:27 [INFO] pago rechazado
2026-05-09 14:15:58 [WARNING] pago rechazado
2026-04-17 04:55:45 [INFO] devolución procesada
2026-05-02 19:10:26 [WARNING] pago rechazado
2026-04-01 00:08:18 [INFO] devolución procesada
2026-04-28 04:20:54 [ERROR] pago rechazado
2026-02-27 06:55:39 [ERROR] venta realizada
2026-04-24 22:47:41 [INFO] venta realizada
2026-01-22 07:04:07 [WARNING] venta realizada
2026-01-16 07:00:51 [ERROR] pago rechazado
2026-04-19 18:09:16 [INFO] devolución procesada
2026-01-21 01:41:50 [WARNING] pago rechazado
2026-03-10 10:46:07 [INFO] venta realizada
2026-04-17 20:15:19 [WARNING] venta realizada
2026-05-03 09:43:45 [INFO] stock bajo
2026-05-01 17:02:25 [ERROR] venta realizada
2026-02-16 23:19:20 [ERROR] stock bajo
2026-01-23 10:13:23 [INFO] venta realizada
2026-05-04 16:10:55 [INFO] devolución procesada
2026-02-23 03:36:28 [INFO] venta realizada
2026-02-21 07:21:26 [ERROR] stock bajo
2026-02-27 06:20:53 [ERROR] pago rechazado
2026-02-19 14:48:14 [ERROR] pago rechazado
2026-05-08 23:16:23 [WARNING] stock bajo
2026-02-06 05:16:59 [INFO] stock bajo
2026-01-25 11:29:33 [ERROR] stock bajo
2026-03-01 18:39:08 [ERROR] venta realizada
2026-03-21 06:02:30 [INFO] devolución procesada
2026-02-16 08:54:09 [INFO] venta realizada
2026-04-21 05:11:53 [WARNING] devolución procesada
2026-04-07 08:37:47 [WARNING] devolución procesada
2026-04-22 02:09:51 [ERROR] venta realizada
2026-02-10 00:48:29 [INFO] venta realizada
2026-01-29 08:02:52 [WARNING] devolución procesada
2026-02-24 20:36:25 [ERROR] venta realizada
2026-02-23 15:19:09 [ERROR] devolución procesada
2026-04-28 02:26:55 [INFO] venta realizada
2026-01-27 10:27:13 [INFO] venta realizada
2026-05-07 03:31:11 [INFO] pago rechazado
2026-04-18 06:20:19 [ERROR] devolución procesada
2026-02-14 15:06:49 [INFO] venta realizada
2026-05-11 21:16:50 [WARNING] devolución procesada
2026-03-22 11:35:54 [INFO] venta realizada
2026-02-16 17:54:02 [ERROR] stock bajo
2026-01-13 10:45:07 [WARNING] pago rechazado
2026-01-31 09:54:17 [INFO] pago rechazado
2026-04-10 13:17:16 [ERROR] stock bajo
2026-03-01 20:16:02 [WARNING] pago rechazado
2026-01-28 07:35:43 [WARNING] venta realizada
2026-03-08 09:25:27 [INFO] pago rechazado
2026-04-07 03:49:44 [WARNING] devolución procesada
2026-04-13 22:18:33 [INFO] stock bajo
2026-04-22 15:08:49 [INFO] stock bajo
2026-05-08 08:55:02 [INFO] venta realizada
2026-05-12 08:10:04 [INFO] pago rechazado
2026-03-12 16:29:55 [INFO] stock bajo
2026-02-22 22:46:20 [ERROR] pago rechazado
2026-02-15 19:29:28 [ERROR] venta realizada
2026-05-09 12:14:03 [ERROR] pago rechazado
2026-02-04 14:37:58 [WARNING] stock bajo
2026-03-30 16:05:23 [WARNING] venta realizada
2026-04-09 05:28:16 [ERROR] venta realizada
2026-03-03 20:03:47 [WARNING] pago rechazado
2026-01-28 20:32:25 [WARNING] pago rechazado
2026-03-16 14:35:21 [ERROR] pago rechazado
2026-03-10 09:28:41 [INFO] stock bajo
2026-03-12 13:58:06 [WARNING] pago rechazado
2026-01-13 02:47:31 [WARNING] stock bajo
2026-03-29 03:19:01 [WARNING] devolución procesada
2026-03-05 20:47:17 [ERROR] devolución procesada
2026-04-28 00:46:31 [ERROR] venta realizada
2026-02-14 14:28:40 [WARNING] stock bajo
2026-03-13 21:53:14 [ERROR] pago rechazado
2026-04-15 03:12:52 [WARNING] devolución procesada
2026-04-27 04:20:26 [ERROR] devolución procesada
2026-03-07 05:21:32 [INFO] pago rechazado
2026-01-28 12:40:01 [INFO] stock bajo
2026-01-24 18:06:31 [ERROR] pago rechazado
2026-03-06 18:42:35 [WARNING] venta realizada
2026-03-14 12:41:22 [INFO] devolución procesada
2026-04-20 22:14:00 [INFO] stock bajo
2026-03-20 01:28:34 [INFO] devolución procesada
2026-03-23 23:57:31 [WARNING] devolución procesada
2026-04-04 06:45:05 [WARNING] venta realizada
2026-02-27 11:46:43 [WARNING] pago rechazado
2026-04-26 09:46:20 [WARNING] pago rechazado
2026-02-19 21:51:25 [INFO] stock bajo
2026-03-02 08:31:27 [ERROR] stock bajo
2026-01-29 22:12:29 [WARNING] pago rechazado
2026-01-13 17:43:43 [WARNING] stock bajo
2026-04-13 13:11:19 [ERROR] pago rechazado
2026-04-20 18:26:19 [ERROR] pago rechazado
2026-01-15 19:45:27 [INFO] devolución procesada
2026-02-15 23:15:05 [WARNING] stock bajo
2026-03-26 10:40:45 [ERROR] devolución procesada
2026-03-16 23:59:58 [INFO] devolución procesada
2026-02-03 11:07:38 [WARNING] pago rechazado
2026-04-15 15:06:18 [WARNING] pago rechazado
2026-01-29 05:41:51 [INFO] stock bajo
2026-01-28 00:21:45 [INFO] pago rechazado
2026-02-07 03:34:23 [WARNING] devolución procesada
2026-02-19 20:17:37 [INFO] venta realizada
2026-01-18 07:48:52 [ERROR] pago rechazado
2026-02-18 21:13:26 [ERROR] stock bajo
2026-05-08 19:21:12 [WARNING] stock bajo
2026-03-20 12:41:36 [ERROR] devolución procesada
2026-05-09 07:47:16 [WARNING] stock bajo
2026-03-27 05:25:38 [INFO] stock bajo
2026-01-14 10:05:00 [ERROR] pago rechazado
2026-02-18 08:48:07 [INFO] devolución procesada
2026-05-05 18:02:22 [ERROR] venta realizada
2026-03-05 05:30:27 [ERROR] venta realizada
2026-04-25 21:41:07 [ERROR] pago rechazado
2026-02-03 12:13:10 [ERROR] devolución procesada
2026-03-07 22:03:45 [WARNING] venta realizada
2026-02-25 19:56:58 [INFO] devolución procesada
2026-02-28 06:16:26 [ERROR] venta realizada
2026-01-24 13:06:33 [WARNING] devolución procesada
2026-02-11 21:30:09 [ERROR] stock bajo
2026-04-05 22:40:50 [ERROR] devolución procesada
2026-03-27 17:50:58 [WARNING] pago rechazado
2026-04-04 20:15:50 [WARNING] stock bajo
2026-03-30 05:03:45 [ERROR] venta realizada
2026-04-12 14:46:39 [ERROR] venta realizada
2026-02-24 03:47:11 [ERROR] devolución procesada
2026-04-02 06:37:30 [WARNING] venta realizada
2026-03-23 00:53:29 [ERROR] devolución procesada
2026-02-06 07:55:17 [INFO] stock bajo
2026-02-24 14:57:06 [ERROR] pago rechazado
2026-03-10 00:05:29 [ERROR] pago rechazado
2026-03-16 05:48:23 [INFO] devolución procesada
2026-02-15 19:17:50 [INFO] stock bajo
2026-01-26 10:21:09 [ERROR] venta realizada
2026-05-02 14:52:26 [WARNING] stock bajo
2026-03-19 13:02:20 [INFO] devolución procesada
2026-05-02 01:39:18 [INFO] pago rechazado
2026-04-13 10:23:08 [ERROR] devolución procesada
2026-03-07 03:36:06 [INFO] stock bajo
2026-01-31 11:01:21 [WARNING] pago rechazado
2026-03-06 23:59:52 [INFO] pago rechazado
2026-04-09 13:29:12 [INFO] venta realizada
2026-01-26 21:30:53 [ERROR] devolución procesada
2026-03-22 17:22:58 [INFO] pago rechazado
2026-02-24 16:09:19 [ERROR] devolución procesada
2026-02-17 01:47:44 [INFO] pago rechazado
2026-02-16 18:59:27 [INFO] devolución procesada
2026-03-16 15:25:53 [WARNING] venta realizada
2026-01-29 11:13:13 [ERROR] devolución procesada
2026-05-12 09:45:17 [WARNING] devolución procesada
2026-04-21 12:48:59 [INFO] devolución procesada
2026-02-22 14:35:13 [WARNING] venta realizada
2026-01-24 12:00:43 [INFO] venta realizada
2026-02-13 07:55:58 [ERROR] pago rechazado
2026-03-23 11:54:21 [ERROR] venta realizada
2026-05-09 05:16:22 [ERROR] pago rechazado
2026-04-29 11:45:57 [ERROR] pago rechazado
2026-01-16 10:47:16 [WARNING] venta realizada
2026-04-18 00:54:35 [WARNING] venta realizada
2026-01-16 16:39:03 [ERROR] devolución procesada
2026-02-16 23:07:07 [ERROR] stock bajo
2026-02-04 00:44:46 [INFO] stock bajo
2026-05-05 06:38:54 [INFO] pago rechazado
2026-02-02 05:12:24 [WARNING] venta realizada
2026-05-07 23:07:37 [WARNING] stock bajo
2026-02-07 09:32:18 [WARNING] devolución procesada
2026-03-23 18:36:46 [INFO] stock bajo
2026-02-23 12:21:29 [INFO] pago rechazado
2026-03-06 07:38:55 [ERROR] stock bajo
2026-02-04 02:53:34 [INFO] pago rechazado
2026-01-22 04:12:32 [INFO] pago rechazado
2026-02-06 09:52:30 [ERROR] stock bajo
2026-03-11 15:03:19 [WARNING] pago rechazado
2026-02-23 01:40:49 [WARNING] pago rechazado
2026-03-23 21:16:38 [ERROR] venta realizada
2026-03-17 01:46:31 [WARNING] pago rechazado
2026-01-19 15:48:20 [ERROR] devolución procesada
2026-01-22 23:06:06 [INFO] venta realizada
2026-03-16 17:03:51 [INFO] devolución procesada
2026-03-09 13:18:43 [INFO] devolución procesada
2026-04-02 02:28:46 [INFO] devolución procesada
2026-04-03 14:16:17 [ERROR] stock bajo
2026-02-22 14:43:36 [ERROR] venta realizada
2026-03-07 05:46:13 [WARNING] venta realizada
2026-05-11 10:51:39 [WARNING] devolución procesada
2026-04-11 05:38:33 [INFO] venta realizada
2026-05-03 04:22:46 [INFO] stock bajo
2026-04-24 16:58:45 [WARNING] pago rechazado
2026-04-26 08:12:51 [WARNING] venta realizada
2026-02-03 11:37:48 [INFO] pago rechazado
2026-04-21 01:46:42 [WARNING] venta realizada
2026-03-03 21:47:14 [WARNING] venta realizada
2026-03-03 16:00:18 [ERROR] pago rechazado
2026-03-09 02:24:20 [ERROR] devolución procesada
2026-04-16 12:44:00 [INFO] devolución procesada
2026-04-25 18:51:29 [ERROR] devolución procesada
2026-03-07 03:01:24 [ERROR] venta realizada
2026-02-25 17:53:12 [WARNING] pago rechazado
2026-04-22 11:11:55 [WARNING] venta realizada
2026-05-06 05:16:16 [WARNING] pago rechazado
2026-04-25 05:44:36 [WARNING] devolución procesada
2026-03-28 17:39:53 [WARNING] devolución procesada
2026-05-06 01:30:01 [INFO] venta realizada
2026-04-04 22:02:11 [INFO] pago rechazado
2026-04-22 02:37:39 [ERROR] pago rechazado
2026-01-13 11:46:04 [INFO] stock bajo
2026-03-02 05:09:36 [WARNING] pago rechazado
2026-04-24 06:47:37 [WARNING] devolución procesada
2026-02-26 10:46:23 [INFO] devolución procesada
2026-03-10 21:54:21 [ERROR] pago rechazado
2026-02-11 14:24:40 [ERROR] stock bajo
2026-03-29 05:33:00 [ERROR] venta realizada
2026-04-03 01:04:04 [WARNING] devolución procesada
2026-03-05 17:49:17 [ERROR] venta realizada
2026-04-11 14:10:38 [INFO] venta realizada
2026-01-24 12:31:17 [ERROR] venta realizada
2026-03-16 23:14:51 [WARNING] pago rechazado
2026-04-04 14:04:13 [WARNING] devolución procesada
2026-01-15 16:26:20 [INFO] stock bajo
2026-01-20 13:28:52 [INFO] devolución procesada
2026-04-03 12:15:12 [INFO] stock bajo
2026-03-17 08:45:48 [WARNING] pago rechazado
2026-02-05 08:08:47 [INFO] stock bajo
2026-03-14 06:20:48 [INFO] devolución procesada
2026-04-29 05:47:10 [ERROR] pago rechazado
2026-04-09 08:22:44 [INFO] devolución procesada
2026-05-11 01:19:48 [INFO] venta realizada
2026-04-22 19:37:12 [INFO] stock bajo
2026-03-21 23:44:57 [INFO] stock bajo
2026-02-01 07:21:57 [ERROR] venta realizada
2026-02-21 08:11:02 [INFO] pago rechazado
2026-04-27 21:55:04 [WARNING] devolución procesada
2026-03-24 06:23:33 [WARNING] stock bajo
2026-04-21 03:51:14 [INFO] pago rechazado
2026-02-17 22:52:30 [ERROR] stock bajo
2026-03-04 04:18:10 [ERROR] devolución procesada
2026-02-21 06:57:03 [WARNING] venta realizada
2026-04-13 02:49:20 [INFO] stock bajo
2026-02-26 04:33:52 [ERROR] devolución procesada
2026-01-31 01:14:45 [ERROR] venta realizada
2026-04-03 00:15:21 [INFO] pago rechazado
2026-05-07 18:26:46 [ERROR] pago rechazado
2026-02-08 00:49:33 [WARNING] pago rechazado
2026-01-25 11:40:06 [INFO] devolución procesada
2026-04-19 02:04:16 [WARNING] venta realizada
2026-03-05 18:24:02 [ERROR] pago rechazado
2026-04-24 11:08:45 [INFO] devolución procesada
2026-04-26 08:43:11 [INFO] pago rechazado
2026-01-17 14:55:35 [ERROR] devolución procesada
2026-03-07 22:55:52 [WARNING] venta realizada
2026-02-03 07:52:07 [ERROR] venta realizada
2026-02-17 23:23:31 [ERROR] pago rechazado
2026-04-20 11:13:49 [WARNING] devolución procesada
2026-05-01 03:55:53 [WARNING] pago rechazado
2026-02-05 01:38:40 [INFO] stock bajo
2026-04-14 13:57:58 [WARNING] devolución procesada
2026-02-01 11:13:37 [INFO] devolución procesada
2026-02-15 16:13:02 [WARNING] pago rechazado
2026-04-29 12:48:39 [ERROR] pago rechazado
2026-03-24 16:24:45 [WARNING] stock bajo
2026-02-07 15:59:51 [WARNING] stock bajo
2026-04-06 14:27:50 [INFO] pago rechazado
2026-05-09 16:15:35 [INFO] pago rechazado
2026-03-31 12:04:28 [INFO] stock bajo
2026-01-21 20:41:29 [ERROR] stock bajo
2026-03-04 09:37:37 [WARNING] venta realizada
2026-04-06 05:19:20 [INFO] pago rechazado
2026-04-15 04:25:53 [WARNING] venta realizada
2026-02-20 21:47:30 [ERROR] stock bajo
2026-05-04 03:37:29 [INFO] pago rechazado
2026-03-11 04:24:56 [WARNING] devolución procesada
2026-04-12 03:54:32 [WARNING] stock bajo
2026-04-25 03:48:27 [WARNING] venta realizada
2026-03-30 18:02:28 [WARNING] pago rechazado
2026-03-05 03:55:38 [INFO] stock bajo
2026-03-23 03:27:28 [INFO] devolución procesada
2026-03-17 19:40:25 [ERROR] pago rechazado
2026-03-30 05:26:11 [INFO] venta realizada
2026-04-06 20:57:02 [INFO] venta realizada
2026-04-26 11:34:30 [INFO] stock bajo
2026-02-27 20:32:09 [ERROR] venta realizada
2026-03-17 11:27:48 [WARNING] pago rechazado
2026-01-26 11:43:31 [WARNING] devolución procesada
2026-05-01 08:44:53 [ERROR] stock bajo
2026-02-14 01:49:57 [ERROR] pago rechazado
2026-03-13 09:51:36 [INFO] stock bajo
2026-04-11 15:26:55 [ERROR] devolución procesada
2026-04-22 01:49:27 [INFO] venta realizada
2026-03-05 23:01:13 [WARNING] venta realizada
2026-05-09 09:00:45 [WARNING] devolución procesada
2026-02-03 16:26:27 [INFO] venta realizada
2026-03-12 14:10:47 [WARNING] stock bajo
2026-04-10 13:28:13 [INFO] venta realizada
2026-02-28 22:04:20 [WARNING] venta realizada
2026-03-28 23:09:54 [ERROR] devolución procesada
2026-04-22 14:49:45 [ERROR] venta realizada
2026-01-24 17:33:37 [INFO] devolución procesada
2026-04-11 07:45:37 [INFO] stock bajo
2026-03-09 05:50:08 [INFO] pago rechazado
2026-04-18 22:36:02 [INFO] pago rechazado
2026-03-05 09:03:36 [WARNING] venta realizada
2026-03-05 12:14:41 [ERROR] stock bajo
2026-05-07 15:06:24 [INFO] stock bajo
2026-02-05 18:08:53 [ERROR] venta realizada
2026-05-08 16:32:46 [ERROR] stock bajo
2026-04-21 17:17:50 [INFO] stock bajo
2026-04-29 23:13:26 [INFO] devolución procesada
2026-03-27 15:10:24 [ERROR] pago rechazado
2026-04-05 04:05:16 [INFO] devolución procesada
2026-03-12 20:11:02 [WARNING] devolución procesada
2026-03-24 10:30:51 [INFO] venta realizada
2026-03-18 06:01:51 [ERROR] devolución procesada
2026-03-07 20:33:18 [WARNING] pago rechazado
2026-03-01 18:08:29 [INFO] pago rechazado
2026-04-24 05:04:35 [INFO] stock bajo
2026-04-22 12:03:30 [INFO] devolución procesada
2026-01-18 02:39:25 [INFO] pago rechazado
2026-05-08 04:03:16 [ERROR] devolución procesada
2026-03-22 16:20:30 [ERROR] pago rechazado
2026-03-17 09:56:58 [WARNING] venta realizada
2026-03-20 12:58:17 [WARNING] stock bajo
2026-03-31 09:06:51 [WARNING] stock bajo
2026-05-03 13:46:53 [WARNING] stock bajo
2026-04-02 20:13:25 [WARNING] stock bajo
2026-02-03 12:00:58 [WARNING] venta realizada
2026-03-05 05:18:29 [INFO] venta realizada
2026-03-10 08:23:00 [INFO] pago rechazado
2026-04-18 20:33:40 [INFO] pago rechazado
2026-01-31 06:33:13 [WARNING] venta realizada
2026-02-10 08:44:37 [WARNING] venta realizada
2026-03-27 00:37:37 [INFO] devolución procesada
2026-04-19 04:06:01 [ERROR] stock bajo
2026-04-12 16:36:33 [ERROR] venta realizada
2026-01-30 06:06:55 [WARNING] venta realizada
2026-03-08 10:28:47 [INFO] devolución procesada
2026-04-24 14:15:42 [ERROR] venta realizada
2026-04-05 11:22:04 [WARNING] devolución procesada
2026-03-05 07:43:19 [INFO] pago rechazado
2026-05-08 21:53:15 [ERROR] devolución procesada
2026-05-07 11:56:57 [INFO] devolución procesada
2026-04-08 03:31:33 [ERROR] pago rechazado
2026-01-26 22:39:32 [INFO] devolución procesada
2026-02-23 07:05:56 [ERROR] devolución procesada
2026-01-14 16:17:09 [ERROR] devolución procesada
2026-01-17 03:22:50 [WARNING] venta realizada
2026-03-04 10:38:06 [WARNING] devolución procesada
2026-04-02 03:02:49 [INFO] stock bajo
2026-04-21 08:10:37 [ERROR] devolución procesada
2026-02-03 10:30:13 [ERROR] pago rechazado
2026-02-06 19:47:38 [INFO] venta realizada
2026-04-13 14:13:22 [INFO] devolución procesada
2026-04-02 00:38:16 [INFO] pago rechazado
2026-03-20 17:54:43 [INFO] devolución procesada
2026-03-05 12:03:22 [INFO] pago rechazado
2026-03-06 13:03:28 [WARNING] stock bajo
2026-04-13 09:37:41 [WARNING] stock bajo
2026-03-18 04:17:17 [INFO] pago rechazado
2026-01-14 10:58:02 [INFO] venta realizada
2026-04-12 23:20:02 [ERROR] pago rechazado
2026-02-01 22:14:34 [ERROR] devolución procesada
2026-04-17 10:35:23 [WARNING] venta realizada
2026-04-05 15:33:33 [ERROR] devolución procesada
2026-03-10 04:13:46 [ERROR] stock bajo
2026-05-08 11:43:34 [INFO] stock bajo
2026-02-05 19:12:00 [INFO] venta realizada
2026-04-20 22:48:54 [ERROR] venta realizada
2026-05-03 12:49:59 [WARNING] venta realizada
2026-05-09 14:57:12 [ERROR] devolución procesada
2026-02-09 09:15:06 [INFO] stock bajo
2026-03-11 20:05:06 [INFO] devolución procesada
2026-03-21 09:57:26 [INFO] venta realizada
2026-03-06 15:37:12 [ERROR] pago rechazado
2026-03-02 12:04:36 [INFO] devolución procesada
2026-03-01 16:57:03 [WARNING] venta realizada
2026-04-09 07:49:18 [ERROR] venta realizada
2026-01-17 05:24:53 [WARNING] devolución procesada
2026-04-23 04:14:08 [ERROR] pago rechazado
2026-04-17 01:50:20 [ERROR] pago rechazado
2026-03-11 12:15:03 [WARNING] devolución procesada
2026-03-07 03:30:30 [ERROR] stock bajo
2026-04-24 03:50:14 [ERROR] pago rechazado
2026-02-21 04:53:26 [ERROR] stock bajo
2026-04-07 19:20:09 [INFO] pago rechazado
2026-05-03 00:43:56 [WARNING] devolución procesada
2026-03-19 20:31:33 [ERROR] stock bajo
2026-04-26 10:11:21 [WARNING] stock bajo
2026-03-29 15:22:53 [ERROR] pago rechazado
2026-02-14 13:35:29 [WARNING] venta realizada
2026-04-26 07:34:17 [INFO] pago rechazado
2026-03-11 11:26:01 [INFO] stock bajo
2026-03-14 05:57:29 [ERROR] pago rechazado
2026-03-25 03:50:22 [ERROR] devolución procesada
2026-02-10 12:10:56 [WARNING] stock bajo
2026-03-04 20:59:47 [WARNING] devolución procesada
2026-03-13 02:17:59 [ERROR] pago rechazado
2026-02-17 01:00:23 [INFO] pago rechazado
2026-04-09 11:47:58 [ERROR] stock bajo
2026-04-23 20:47:25 [INFO] stock bajo
2026-04-10 04:01:50 [WARNING] stock bajo
2026-05-02 19:57:46 [INFO] devolución procesada
2026-02-04 12:40:07 [WARNING] pago rechazado
2026-04-12 08:00:37 [WARNING] venta realizada
2026-03-03 01:08:16 [WARNING] pago rechazado
2026-03-06 07:29:06 [ERROR] devolución procesada
2026-05-07 23:08:24 [WARNING] stock bajo
2026-01-25 13:14:14 [WARNING] stock bajo
2026-01-20 03:16:16 [ERROR] stock bajo
2026-03-11 19:12:17 [WARNING] stock bajo
2026-01-26 10:05:01 [ERROR] pago rechazado
2026-02-20 13:00:44 [INFO] stock bajo
2026-01-20 00:41:54 [WARNING] stock bajo
2026-03-20 04:14:19 [WARNING] pago rechazado
2026-04-26 22:00:51 [INFO] venta realizada
2026-01-21 11:06:36 [WARNING] venta realizada
2026-02-11 11:07:53 [WARNING] stock bajo
2026-01-25 06:15:05 [INFO] venta realizada
2026-03-30 06:54:03 [ERROR] stock bajo
2026-04-17 18:41:26 [INFO] venta realizada
2026-04-21 13:19:15 [WARNING] pago rechazado
2026-02-09 21:27:14 [INFO] stock bajo
2026-04-26 11:14:11 [WARNING] pago rechazado
2026-03-05 22:27:53 [INFO] venta realizada
2026-02-04 11:47:59 [INFO] pago rechazado
2026-04-10 09:08:22 [WARNING] venta realizada
2026-05-01 12:49:28 [INFO] venta realizada
2026-01-25 14:44:53 [INFO] venta realizada
2026-02-22 12:10:11 [ERROR] venta realizada
2026-03-12 04:07:23 [INFO] venta realizada
2026-03-23 09:46:50 [ERROR] venta realizada
2026-02-26 21:05:40 [INFO] pago rechazado
2026-01-18 18:57:05 [WARNING] pago rechazado
2026-01-21 09:54:46 [ERROR] devolución procesada
2026-05-09 07:18:07 [INFO] pago rechazado
2026-01-28 13:20:38 [ERROR] pago rechazado
2026-01-25 11:54:16 [ERROR] devolución procesada
2026-04-03 12:15:18 [WARNING] pago rechazado
2026-02-24 19:46:07 [INFO] pago rechazado
2026-04-27 06:35:09 [INFO] venta realizada
2026-04-22 07:54:39 [WARNING] pago rechazado
2026-02-21 12:34:17 [INFO] devolución procesada
2026-03-01 21:37:59 [INFO] devolución procesada
2026-02-11 13:17:03 [ERROR] devolución procesada
2026-04-04 10:19:33 [ERROR] stock bajo
2026-02-11 05:42:50 [WARNING] stock bajo
2026-02-09 00:52:12 [WARNING] venta realizada
2026-03-23 16:05:39 [INFO] stock bajo
2026-05-08 20:25:59 [WARNING] devolución procesada
2026-02-03 19:17:45 [WARNING] stock bajo
2026-04-05 20:03:34 [WARNING] venta realizada
2026-03-04 00:39:02 [WARNING] venta realizada
2026-04-04 10:23:14 [INFO] pago rechazado
2026-01-29 22:30:52 [WARNING] stock bajo
2026-03-24 19:18:35 [WARNING] pago rechazado
2026-04-27 16:20:23 [WARNING] stock bajo
2026-03-03 11:24:15 [WARNING] venta realizada
2026-03-16 22:13:36 [INFO] devolución procesada
2026-04-21 08:52:31 [WARNING] venta realizada
2026-03-29 12:22:52 [WARNING] pago rechazado
2026-04-17 11:10:43 [ERROR] pago rechazado
2026-02-22 12:47:23 [INFO] pago rechazado
2026-03-02 08:08:34 [WARNING] pago rechazado
2026-03-03 13:06:20 [ERROR] devolución procesada
2026-01-17 20:09:32 [ERROR] stock bajo
2026-04-15 22:24:47 [WARNING] stock bajo
2026-01-28 04:03:25 [INFO] pago rechazado
2026-05-05 04:46:55 [ERROR] pago rechazado
2026-04-18 16:37:01 [INFO] devolución procesada
2026-04-12 01:19:40 [WARNING] devolución procesada
2026-04-30 16:32:28 [WARNING] pago rechazado
2026-04-06 21:49:06 [WARNING] pago rechazado
2026-04-21 05:43:40 [ERROR] devolución procesada
2026-02-15 18:22:13 [INFO] devolución procesada
2026-03-10 20:09:42 [WARNING] stock bajo
2026-02-05 02:24:19 [INFO] stock bajo
2026-05-04 13:58:24 [INFO] pago rechazado
2026-05-02 11:32:46 [INFO] stock bajo
2026-03-31 07:19:30 [WARNING] stock bajo
2026-04-01 20:31:52 [ERROR] stock bajo
2026-04-03 15:16:52 [WARNING] devolución procesada
2026-01-27 08:03:06 [ERROR] devolución procesada
2026-03-25 23:23:21 [INFO] pago rechazado
2026-03-06 14:22:20 [ERROR] pago rechazado
2026-02-08 14:11:04 [WARNING] venta realizada
2026-04-17 06:33:06 [WARNING] devolución procesada
2026-01-31 03:41:42 [ERROR] stock bajo
2026-01-25 02:29:51 [INFO] stock bajo
2026-01-28 07:07:59 [ERROR] stock bajo
2026-01-22 13:23:25 [WARNING] pago rechazado
2026-02-12 04:30:05 [WARNING] devolución procesada
2026-03-18 10:24:08 [ERROR] pago rechazado
2026-01-24 17:51:57 [WARNING] devolución procesada
2026-03-23 18:08:24 [WARNING] devolución procesada
2026-01-29 12:02:02 [WARNING] devolución procesada
2026-05-04 19:23:21 [INFO] devolución procesada
2026-02-07 08:44:14 [INFO] devolución procesada
2026-03-24 22:44:56 [WARNING] devolución procesada
2026-03-15 22:47:42 [WARNING] stock bajo
2026-04-02 01:03:54 [ERROR] stock bajo
2026-05-12 14:05:34 [ERROR] devolución procesada
2026-03-07 15:56:00 [WARNING] devolución procesada
2026-03-18 03:09:22 [INFO] stock bajo
2026-02-04 23:16:18 [WARNING] stock bajo
2026-05-11 20:23:43 [WARNING] venta realizada
2026-03-20 01:10:57 [INFO] devolución procesada
2026-04-20 03:21:28 [INFO] pago rechazado
2026-01-26 21:35:39 [WARNING] devolución procesada
2026-04-21 07:01:11 [ERROR] pago rechazado
2026-04-03 09:31:18 [WARNING] stock bajo
2026-04-04 20:38:53 [ERROR] pago rechazado
2026-04-01 08:52:32 [ERROR] devolución procesada
2026-03-12 10:07:53 [ERROR] venta realizada
2026-05-06 06:22:29 [ERROR] pago rechazado
2026-01-27 11:49:19 [WARNING] venta realizada
2026-02-16 23:43:11 [INFO] pago rechazado
2026-03-15 20:36:25 [INFO] devolución procesada
2026-04-09 00:04:10 [WARNING] pago rechazado
2026-05-02 13:25:21 [ERROR] venta realizada
2026-03-05 17:13:05 [WARNING] pago rechazado
2026-02-07 09:20:47 [ERROR] pago rechazado
2026-03-05 10:39:42 [ERROR] devolución procesada
2026-03-11 16:53:14 [INFO] devolución procesada
2026-02-28 19:44:51 [INFO] devolución procesada
2026-03-08 08:51:58 [INFO] devolución procesada
2026-04-20 19:51:33 [INFO] venta realizada
2026-02-17 05:08:13 [ERROR] venta realizada
2026-05-11 18:17:31 [INFO] venta realizada
2026-01-30 10:33:07 [ERROR] venta realizada
2026-04-02 15:25:38 [ERROR] devolución procesada
2026-03-31 06:28:55 [WARNING] venta realizada
2026-04-17 04:31:39 [INFO] pago rechazado
2026-02-01 08:55:23 [INFO] devolución procesada
2026-01-18 16:46:28 [WARNING] stock bajo
2026-05-10 10:12:37 [INFO] stock bajo
2026-04-17 02:21:39 [ERROR] venta realizada
2026-02-02 11:01:53 [WARNING] venta realizada
2026-02-18 03:37:22 [ERROR] stock bajo
2026-01-21 10:49:47 [INFO] pago rechazado
2026-02-01 09:07:24 [ERROR] venta realizada
2026-05-06 18:47:07 [ERROR] venta realizada
2026-01-23 17:38:21 [WARNING] devolución procesada
2026-05-11 04:11:53 [ERROR] venta realizada
2026-04-19 03:28:31 [ERROR] stock bajo
2026-02-06 12:19:57 [ERROR] devolución procesada
2026-04-18 11:30:43 [INFO] stock bajo
2026-02-02 23:09:51 [ERROR] pago rechazado
2026-02-04 21:18:06 [ERROR] pago rechazado
2026-04-03 21:38:12 [ERROR] devolución procesada
2026-02-20 09:33:10 [INFO] devolución procesada
2026-03-15 15:24:15 [WARNING] devolución procesada
2026-05-10 07:26:40 [INFO] devolución procesada
2026-05-05 07:02:27 [WARNING] devolución procesada
2026-04-16 05:14:09 [INFO] venta realizada
2026-03-06 12:29:49 [INFO] devolución procesada
2026-03-13 16:14:52 [WARNING] stock bajo
2026-03-06 16:08:33 [WARNING] pago rechazado
2026-01-17 18:38:13 [WARNING] devolución procesada
2026-02-12 02:03:05 [WARNING] stock bajo
2026-02-21 02:09:34 [WARNING] pago rechazado
2026-05-06 01:35:06 [WARNING] devolución procesada
2026-01-28 04:02:42 [ERROR] pago rechazado
2026-05-08 14:25:04 [ERROR] stock bajo
2026-03-20 15:16:21 [INFO] stock bajo
2026-02-21 20:34:34 [INFO] devolución procesada
2026-02-13 17:16:57 [ERROR] venta realizada
2026-02-02 13:51:14 [WARNING] pago rechazado
2026-05-07 13:15:53 [WARNING] pago rechazado
2026-04-15 12:05:48 [WARNING] stock bajo
2026-05-01 04:33:51 [WARNING] devolución procesada
2026-04-19 03:41:16 [WARNING] pago rechazado
2026-03-04 00:22:15 [ERROR] venta realizada
2026-04-18 13:36:23 [INFO] devolución procesada
2026-04-05 02:09:24 [WARNING] venta realizada
2026-02-04 23:51:59 [WARNING] venta realizada
2026-05-09 22:00:54 [ERROR] devolución procesada
2026-03-18 12:30:14 [ERROR] venta realizada
2026-02-11 07:31:20 [ERROR] pago rechazado
2026-04-01 20:13:27 [WARNING] pago rechazado
2026-01-23 03:52:26 [WARNING] stock bajo
2026-03-30 23:00:43 [INFO] stock bajo
2026-01-31 19:45:29 [INFO] venta realizada
2026-04-23 04:49:59 [ERROR] pago rechazado
2026-03-13 00:05:20 [ERROR] pago rechazado
2026-02-05 04:07:02 [ERROR] devolución procesada
2026-04-29 10:57:52 [INFO] pago rechazado
2026-02-27 13:33:16 [INFO] devolución procesada
2026-04-29 13:50:45 [ERROR] venta realizada
2026-03-08 09:30:51 [WARNING] venta realizada
2026-04-24 04:42:43 [WARNING] devolución procesada
2026-02-08 16:04:47 [ERROR] stock bajo
2026-02-25 16:29:14 [INFO] pago rechazado
2026-03-20 21:01:49 [INFO] pago rechazado
2026-02-21 16:56:22 [WARNING] stock bajo
2026-01-14 00:05:46 [WARNING] devolución procesada
2026-03-14 09:04:11 [WARNING] venta realizada
2026-02-06 06:37:04 [INFO] venta realizada
2026-04-19 12:24:50 [WARNING] devolución procesada
2026-04-14 22:39:36 [WARNING] stock bajo
2026-01-24 08:16:35 [INFO] stock bajo
2026-02-05 10:31:34 [ERROR] stock bajo
2026-02-11 22:56:44 [INFO] devolución procesada
2026-04-18 20:10:38 [ERROR] venta realizada
2026-04-06 08:58:26 [ERROR] devolución procesada
2026-04-05 12:33:26 [WARNING] venta realizada
2026-04-17 11:00:39 [WARNING] devolución procesada
2026-01-27 07:47:31 [WARNING] pago rechazado
2026-05-05 13:11:36 [WARNING] devolución procesada
2026-04-04 01:28:36 [ERROR] devolución procesada
2026-03-06 23:51:44 [INFO] devolución procesada
2026-02-09 05:37:45 [WARNING] stock bajo
2026-01-18 06:19:23 [ERROR] venta realizada
2026-01-29 00:13:14 [WARNING] venta realizada
2026-02-09 03:44:36 [WARNING] devolución procesada
2026-04-01 18:44:03 [INFO] stock bajo
2026-04-29 23:28:01 [WARNING] venta realizada
2026-03-27 10:22:14 [ERROR] devolución procesada
2026-02-28 20:14:10 [WARNING] devolución procesada
2026-01-14 10:26:10 [WARNING] venta realizada
2026-02-19 08:56:27 [INFO] devolución procesada
2026-05-05 23:16:22 [ERROR] pago rechazado
2026-05-07 10:01:24 [WARNING] devolución procesada
2026-02-01 10:44:13 [WARNING] pago rechazado
2026-01-18 06:41:57 [WARNING] pago rechazado
2026-04-02 01:30:42 [WARNING] devolución procesada
2026-04-30 20:16:30 [ERROR] devolución procesada
2026-01-31 09:26:30 [INFO] devolución procesada
2026-04-01 12:41:08 [WARNING] venta realizada
2026-04-05 09:19:50 [WARNING] venta realizada
2026-05-04 05:56:36 [INFO] devolución procesada
2026-03-04 22:50:12 [ERROR] devolución procesada
2026-04-03 03:42:38 [WARNING] devolución procesada
2026-03-10 05:47:43 [ERROR] devolución procesada
2026-04-01 02:18:43 [INFO] pago rechazado
2026-03-15 09:36:33 [INFO] venta realizada
2026-01-24 18:00:13 [ERROR] venta realizada
2026-03-11 05:25:26 [INFO] pago rechazado
2026-04-15 22:42:08 [WARNING] devolución procesada
2026-02-19 10:05:58 [ERROR] devolución procesada
2026-03-09 02:34:00 [ERROR] pago rechazado
2026-01-13 05:49:54 [INFO] devolución procesada
2026-01-18 17:36:34 [ERROR] devolución procesada
2026-04-16 20:52:28 [ERROR] devolución procesada
2026-02-16 18:34:50 [INFO] devolución procesada
2026-03-25 18:44:10 [INFO] venta realizada
2026-02-25 20:07:41 [ERROR] pago rechazado
2026-02-03 03:06:46 [ERROR] pago rechazado
2026-01-23 00:44:48 [ERROR] stock bajo
2026-03-18 08:07:44 [WARNING] devolución procesada
2026-02-20 15:32:02 [ERROR] pago rechazado
2026-05-12 19:42:00 [ERROR] venta realizada
2026-03-15 10:56:01 [WARNING] pago rechazado
2026-01-14 15:01:15 [WARNING] venta realizada
2026-01-22 14:25:42 [INFO] pago rechazado
2026-05-03 17:02:01 [WARNING] devolución procesada
2026-02-19 21:24:56 [INFO] venta realizada
2026-04-11 10:58:20 [INFO] pago rechazado
2026-05-07 16:46:25 [WARNING] venta realizada
2026-01-14 01:35:10 [INFO] venta realizada
2026-05-03 18:29:04 [WARNING] pago rechazado
2026-04-19 02:55:07 [ERROR] venta realizada
2026-04-01 01:12:30 [INFO] stock bajo
2026-03-04 12:31:40 [INFO] stock bajo
2026-05-01 00:59:07 [ERROR] devolución procesada
2026-02-01 10:28:50 [WARNING] stock bajo
2026-04-10 06:18:55 [ERROR] stock bajo
2026-03-04 22:17:54 [WARNING] devolución procesada
2026-05-02 10:50:34 [ERROR] stock bajo
2026-02-14 08:23:40 [WARNING] stock bajo
2026-02-06 04:08:26 [INFO] pago rechazado
2026-05-06 01:51:36 [ERROR] stock bajo
2026-01-31 19:30:28 [ERROR] venta realizada
2026-02-25 18:54:15 [WARNING] pago rechazado
2026-05-06 04:07:38 [WARNING] pago rechazado
2026-02-25 16:03:19 [WARNING] venta realizada
2026-04-19 07:13:36 [ERROR] stock bajo
2026-02-22 22:59:03 [INFO] devolución procesada
2026-04-09 04:42:08 [INFO] pago rechazado
2026-05-09 11:51:24 [ERROR] venta realizada
2026-04-19 18:07:54 [ERROR] stock bajo
2026-01-28 01:51:41 [INFO] devolución procesada
2026-01-28 09:38:10 [WARNING] venta realizada
2026-03-23 23:04:32 [INFO] venta realizada
2026-01-20 15:24:21 [WARNING] stock bajo
2026-02-03 04:06:40 [WARNING] pago rechazado
2026-02-20 19:14:45 [ERROR] stock bajo
2026-03-18 13:19:48 [WARNING] devolución procesada
2026-04-07 05:54:43 [WARNING] devolución procesada
2026-05-08 18:00:37 [ERROR] venta realizada
2026-01-28 04:48:32 [WARNING] stock bajo
2026-05-06 02:38:42 [WARNING] stock bajo
2026-01-31 12:25:14 [WARNING] devolución procesada
2026-05-12 15:51:18 [INFO] venta realizada
2026-02-07 20:11:58 [INFO] devolución procesada
2026-05-09 02:07:51 [WARNING] pago rechazado
2026-02-16 15:33:48 [INFO] stock bajo
2026-03-24 09:50:19 [WARNING] venta realizada
2026-03-29 23:22:22 [INFO] devolución procesada
2026-03-19 07:32:42 [INFO] venta realizada
2026-01-13 20:38:36 [ERROR] devolución procesada
2026-01-28 21:03:14 [WARNING] venta realizada
2026-04-10 18:33:58 [INFO] stock bajo
2026-04-20 21:08:15 [INFO] devolución procesada
2026-03-25 08:31:22 [ERROR] venta realizada
2026-02-22 19:11:09 [ERROR] devolución procesada
2026-02-25 03:56:55 [INFO] venta realizada
2026-04-18 17:24:05 [ERROR] venta realizada
2026-01-13 14:20:03 [INFO] pago rechazado
2026-01-14 09:11:58 [ERROR] pago rechazado
2026-03-01 05:12:43 [ERROR] venta realizada
2026-02-16 19:38:01 [WARNING] devolución procesada
2026-01-14 16:14:50 [WARNING] devolución procesada
2026-03-23 00:21:32 [WARNING] pago rechazado
2026-03-18 03:36:35 [WARNING] devolución procesada
2026-04-30 13:26:32 [WARNING] venta realizada
2026-04-02 17:51:07 [INFO] venta realizada
2026-04-21 08:45:08 [ERROR] devolución procesada
2026-02-21 23:55:31 [ERROR] stock bajo
2026-03-26 18:21:21 [INFO] venta realizada
2026-05-09 04:12:02 [WARNING] venta realizada
2026-03-19 22:35:22 [ERROR] pago rechazado
2026-02-16 11:44:45 [INFO] venta realizada
2026-02-04 01:10:13 [WARNING] stock bajo
2026-03-13 11:37:56 [INFO] devolución procesada
2026-03-25 19:48:39 [WARNING] devolución procesada
2026-03-03 18:53:34 [WARNING] stock bajo
2026-03-03 13:27:43 [WARNING] venta realizada
2026-02-13 14:36:43 [ERROR] stock bajo
2026-05-09 10:12:18 [INFO] pago rechazado
2026-01-21 05:33:53 [WARNING] stock bajo
2026-01-13 10:07:14 [INFO] stock bajo
2026-03-21 06:02:01 [INFO] venta realizada
2026-04-05 21:13:34 [INFO] venta realizada
2026-03-26 23:15:42 [ERROR] venta realizada
2026-05-08 16:33:46 [WARNING] stock bajo
2026-05-02 23:13:04 [ERROR] venta realizada
2026-04-28 11:03:04 [INFO] venta realizada
2026-02-23 02:38:11 [ERROR] stock bajo
2026-03-19 13:07:37 [INFO] devolución procesada
2026-02-17 23:48:31 [INFO] devolución procesada
2026-03-17 21:49:19 [WARNING] venta realizada
2026-02-14 02:12:30 [INFO] pago rechazado
2026-02-05 18:42:29 [INFO] pago rechazado
2026-05-06 13:00:33 [ERROR] pago rechazado
2026-03-28 00:02:46 [WARNING] stock bajo
2026-03-17 16:34:23 [WARNING] devolución procesada
2026-03-19 16:52:01 [INFO] stock bajo
2026-04-21 14:46:08 [INFO] devolución procesada
2026-03-13 12:23:45 [ERROR] devolución procesada
2026-03-12 06:22:55 [ERROR] devolución procesada
2026-03-23 22:40:33 [WARNING] stock bajo
2026-05-02 02:16:12 [INFO] devolución procesada
2026-01-14 02:03:23 [ERROR] venta realizada
2026-02-02 21:18:29 [INFO] pago rechazado
2026-02-14 20:34:10 [ERROR] stock bajo
2026-02-12 13:10:16 [INFO] venta realizada
2026-03-29 15:53:23 [INFO] devolución procesada
2026-05-08 09:04:20 [INFO] stock bajo
2026-05-09 00:26:14 [WARNING] devolución procesada
2026-01-30 19:08:25 [ERROR] venta realizada
2026-02-05 14:24:21 [WARNING] pago rechazado
2026-03-06 15:14:03 [INFO] venta realizada
2026-03-07 20:22:09 [ERROR] venta realizada
2026-04-19 21:40:58 [INFO] devolución procesada
2026-02-23 09:24:54 [WARNING] venta realizada
2026-02-12 07:55:13 [ERROR] venta realizada
2026-04-11 22:23:22 [WARNING] stock bajo
2026-05-08 08:42:23 [INFO] devolución procesada
2026-03-14 16:32:42 [WARNING] devolución procesada
2026-01-21 03:44:32 [INFO] stock bajo
2026-03-15 10:13:01 [INFO] devolución procesada
2026-03-21 08:30:15 [ERROR] pago rechazado
2026-05-10 02:57:33 [ERROR] devolución procesada
2026-03-21 18:39:30 [ERROR] stock bajo
2026-04-10 20:25:41 [ERROR] stock bajo
2026-03-15 05:58:29 [ERROR] devolución procesada
2026-03-12 18:01:48 [INFO] venta realizada
2026-03-02 10:27:48 [ERROR] devolución procesada
2026-01-26 03:30:38 [INFO] venta realizada
2026-02-08 16:04:22 [ERROR] stock bajo
2026-05-02 09:43:00 [WARNING] devolución procesada
2026-05-10 04:31:29 [WARNING] devolución procesada
2026-01-29 06:28:06 [INFO] venta realizada
2026-02-22 20:45:28 [INFO] stock bajo
2026-05-10 22:45:48 [ERROR] stock bajo
2026-02-18 19:31:25 [ERROR] stock bajo
2026-04-29 10:30:04 [INFO] stock bajo
2026-01-25 19:16:34 [ERROR] pago rechazado
2026-02-05 13:56:49 [INFO] venta realizada
2026-03-05 05:48:41 [ERROR] devolución procesada
2026-02-21 08:52:47 [WARNING] venta realizada
2026-02-17 11:20:20 [ERROR] pago rechazado
2026-03-23 22:50:54 [ERROR] venta realizada
2026-03-16 21:01:33 [ERROR] venta realizada
2026-02-22 01:49:57 [INFO] stock bajo
2026-05-10 21:59:22 [ERROR] stock bajo
2026-03-30 12:07:20 [INFO] stock bajo
2026-05-01 09:35:13 [WARNING] venta realizada
2026-02-10 18:05:22 [INFO] pago rechazado
2026-05-12 21:55:55 [ERROR] devolución procesada
2026-02-05 18:45:51 [INFO] pago rechazado
2026-04-21 00:39:41 [INFO] stock bajo
2026-03-14 09:09:15 [ERROR] venta realizada
2026-03-26 09:04:10 [WARNING] devolución procesada
2026-03-17 15:45:07 [INFO] pago rechazado
2026-04-15 14:46:18 [INFO] devolución procesada
2026-03-06 17:09:52 [ERROR] pago rechazado
2026-02-11 21:21:23 [INFO] venta realizada
2026-04-25 17:35:01 [INFO] stock bajo
2026-03-11 00:58:16 [WARNING] pago rechazado
2026-01-13 00:14:02 [WARNING] pago rechazado
2026-03-02 11:02:54 [ERROR] devolución procesada
2026-04-21 14:25:42 [ERROR] venta realizada
2026-02-03 14:39:11 [WARNING] stock bajo
2026-04-05 13:30:53 [INFO] stock bajo
2026-05-12 15:37:16 [ERROR] stock bajo
2026-03-19 10:30:25 [WARNING] pago rechazado
2026-04-29 00:52:45 [WARNING] devolución procesada
2026-01-14 06:17:33 [ERROR] venta realizada
2026-05-02 20:57:05 [ERROR] stock bajo
2026-01-15 18:17:50 [ERROR] devolución procesada
2026-01-28 11:00:06 [INFO] devolución procesada
2026-02-09 15:37:21 [ERROR] stock bajo
2026-04-12 06:31:02 [INFO] pago rechazado
2026-04-27 11:02:34 [ERROR] venta realizada
2026-01-18 10:00:44 [ERROR] venta realizada
2026-03-15 05:57:01 [WARNING] venta realizada
2026-04-15 18:37:52 [WARNING] venta realizada
2026-04-18 01:24:43 [ERROR] pago rechazado
2026-04-03 19:10:49 [WARNING] pago rechazado
2026-02-03 21:36:28 [INFO] venta realizada
2026-04-05 12:50:35 [INFO] pago rechazado
2026-05-01 16:13:47 [INFO] pago rechazado
2026-02-28 21:41:14 [INFO] devolución procesada
2026-03-06 11:35:43 [ERROR] venta realizada
2026-03-07 23:39:54 [INFO] pago rechazado
2026-03-10 11:25:18 [WARNING] pago rechazado
2026-02-03 17:30:31 [WARNING] pago rechazado
2026-03-15 17:42:58 [ERROR] pago rechazado
2026-03-17 00:23:07 [ERROR] stock bajo
2026-02-28 01:22:13 [WARNING] devolución procesada
2026-01-29 06:42:59 [WARNING] devolución procesada
2026-04-23 01:15:40 [INFO] devolución procesada
2026-02-06 01:29:51 [INFO] venta realizada
2026-01-23 17:26:05 [ERROR] pago rechazado
2026-03-30 17:20:10 [ERROR] venta realizada
2026-02-27 14:31:18 [INFO] devolución procesada
2026-05-07 21:33:44 [ERROR] stock bajo
2026-02-23 17:56:14 [WARNING] venta realizada
2026-03-12 04:08:27 [ERROR] stock bajo
2026-02-10 05:48:32 [WARNING] pago rechazado
2026-04-20 11:22:00 [INFO] pago rechazado
2026-02-26 21:03:30 [INFO] pago rechazado
2026-01-17 19:11:52 [INFO] venta realizada
2026-02-27 13:00:25 [INFO] pago rechazado
2026-03-16 18:04:11 [ERROR] venta realizada
2026-02-02 16:51:50 [ERROR] devolución procesada
2026-04-17 15:43:44 [WARNING] stock bajo
2026-01-31 05:12:18 [WARNING] stock bajo
2026-04-25 07:25:41 [INFO] devolución procesada
2026-01-26 10:49:39 [INFO] venta realizada
2026-03-17 22:13:23 [WARNING] pago rechazado
2026-04-13 12:53:22 [INFO] venta realizada
2026-02-22 11:40:48 [WARNING] venta realizada
2026-02-02 22:49:23 [ERROR] devolución procesada
2026-02-18 16:27:45 [WARNING] pago rechazado
2026-03-19 18:06:06 [ERROR] venta realizada
2026-04-11 19:32:36 [WARNING] pago rechazado
2026-02-13 13:57:42 [INFO] stock bajo
2026-01-30 00:18:41 [WARNING] devolución procesada
2026-04-13 12:44:51 [ERROR] devolución procesada
2026-03-09 00:27:20 [WARNING] venta realizada
2026-03-08 09:02:09 [INFO] devolución procesada
2026-01-29 00:01:56 [ERROR] stock bajo
2026-05-03 20:57:06 [WARNING] devolución procesada
2026-01-12 23:11:50 [INFO] pago rechazado
2026-05-09 06:57:45 [INFO] devolución procesada
2026-04-29 16:12:04 [INFO] devolución procesada
2026-03-04 00:51:24 [INFO] stock bajo
2026-04-03 09:15:46 [ERROR] venta realizada
2026-02-10 23:53:56 [WARNING] venta realizada
2026-03-31 13:55:20 [ERROR] pago rechazado
2026-02-27 00:41:02 [ERROR] devolución procesada
2026-03-20 15:56:44 [WARNING] venta realizada
2026-03-25 02:30:25 [ERROR] pago rechazado
2026-01-13 06:11:29 [WARNING] venta realizada
2026-03-29 03:10:50 [WARNING] pago rechazado
2026-01-21 21:17:26 [INFO] pago rechazado
2026-03-10 07:39:28 [ERROR] pago rechazado
2026-04-06 01:05:52 [WARNING] devolución procesada
2026-01-29 21:41:34 [INFO] devolución procesada
2026-04-04 16:33:31 [ERROR] devolución procesada
2026-02-11 22:25:43 [WARNING] venta realizada
2026-02-28 08:59:10 [WARNING] pago rechazado
2026-05-03 01:00:02 [ERROR] pago rechazado
2026-03-31 10:50:33 [WARNING] venta realizada
2026-04-15 03:36:40 [ERROR] stock bajo
2026-01-23 10:50:21 [INFO] pago rechazado
2026-03-21 04:22:47 [ERROR] venta realizada
2026-04-29 07:33:16 [ERROR] pago rechazado
2026-02-04 23:51:14 [ERROR] venta realizada
2026-02-22 07:19:26 [ERROR] pago rechazado
2026-02-19 21:55:27 [ERROR] stock bajo
2026-05-12 11:45:06 [WARNING] stock bajo
2026-03-01 08:40:45 [INFO] pago rechazado
2026-04-15 23:08:04 [ERROR] pago rechazado
2026-04-09 11:59:27 [ERROR] stock bajo
2026-01-13 14:01:16 [INFO] devolución procesada
2026-02-03 00:05:25 [ERROR] pago rechazado
2026-04-05 03:06:30 [ERROR] devolución procesada
2026-04-13 19:56:12 [WARNING] pago rechazado
2026-04-02 01:46:32 [INFO] devolución procesada
2026-02-10 08:59:06 [WARNING] pago rechazado
2026-01-29 12:20:50 [WARNING] pago rechazado
2026-04-05 07:24:36 [WARNING] stock bajo
2026-03-20 21:06:37 [INFO] pago rechazado
2026-03-13 17:05:36 [ERROR] venta realizada
2026-01-23 07:06:13 [ERROR] pago rechazado
2026-03-05 17:07:11 [WARNING] venta realizada
2026-01-28 06:37:58 [WARNING] venta realizada
2026-04-09 20:43:08 [WARNING] stock bajo
2026-02-03 17:05:02 [ERROR] devolución procesada
2026-02-01 18:12:29 [INFO] venta realizada
2026-03-10 04:26:36 [ERROR] stock bajo
2026-01-20 15:27:37 [ERROR] stock bajo
2026-02-02 01:54:51 [INFO] venta realizada
2026-01-16 15:12:57 [INFO] stock bajo
2026-01-27 20:05:08 [INFO] devolución procesada
2026-01-19 05:18:21 [WARNING] stock bajo
2026-04-04 17:55:42 [ERROR] devolución procesada
2026-04-27 10:22:12 [INFO] venta realizada
2026-03-12 22:58:18 [INFO] pago rechazado
2026-04-16 21:57:28 [ERROR] pago rechazado
2026-02-02 05:14:55 [WARNING] devolución procesada
2026-02-24 20:36:23 [ERROR] pago rechazado
2026-03-24 20:39:41 [ERROR] pago rechazado
2026-04-09 14:12:13 [ERROR] stock bajo
2026-04-06 05:44:02 [INFO] venta realizada
2026-03-17 04:27:10 [INFO] stock bajo
2026-01-31 14:22:20 [WARNING] venta realizada
2026-02-16 16:34:22 [INFO] venta realizada
2026-04-29 13:19:44 [INFO] venta realizada
2026-03-01 20:45:38 [ERROR] devolución procesada
2026-03-14 00:24:24 [WARNING] pago rechazado
2026-01-24 01:07:44 [ERROR] devolución procesada
2026-01-13 03:15:22 [INFO] stock bajo
2026-03-13 07:33:27 [WARNING] devolución procesada
2026-03-14 13:38:19 [ERROR] pago rechazado
2026-04-02 23:22:59 [INFO] stock bajo
2026-01-18 01:32:01 [ERROR] devolución procesada
2026-05-11 20:27:24 [WARNING] venta realizada
2026-03-10 01:40:12 [WARNING] devolución procesada
2026-03-02 05:55:30 [ERROR] stock bajo
2026-05-10 05:08:12 [WARNING] stock bajo
2026-01-20 16:08:03 [WARNING] venta realizada
2026-03-21 12:12:43 [ERROR] pago rechazado
2026-02-17 18:12:41 [ERROR] devolución procesada
2026-01-24 05:51:27 [WARNING] devolución procesada
2026-04-25 12:13:52 [INFO] venta realizada
2026-04-16 13:53:15 [INFO] devolución procesada
2026-04-05 19:04:25 [WARNING] stock bajo
2026-01-27 13:07:08 [WARNING] pago rechazado
2026-05-11 14:34:24 [ERROR] pago rechazado
2026-03-15 23:06:20 [ERROR] venta realizada
2026-01-15 17:36:38 [ERROR] devolución procesada
2026-03-05 15:46:50 [ERROR] venta realizada
2026-04-14 17:11:42 [WARNING] devolución procesada
2026-02-23 08:47:14 [INFO] pago rechazado
2026-01-28 22:12:47 [WARNING] pago rechazado
2026-04-29 15:25:31 [INFO] devolución procesada
2026-01-17 02:22:19 [INFO] pago rechazado
2026-03-15 08:05:08 [ERROR] pago rechazado
2026-02-15 22:03:20 [WARNING] stock bajo
2026-04-24 09:38:07 [ERROR] venta realizada
2026-01-24 09:00:44 [WARNING] devolución procesada
2026-01-13 12:22:19 [ERROR] pago rechazado
2026-04-16 21:30:44 [INFO] stock bajo
2026-02-03 17:56:23 [ERROR] pago rechazado
2026-03-02 01:57:32 [WARNING] venta realizada
2026-04-22 15:45:18 [ERROR] venta realizada
2026-03-14 10:30:23 [ERROR] venta realizada
2026-03-31 16:06:22 [ERROR] stock bajo
2026-01-17 08:52:18 [INFO] venta realizada
2026-05-07 21:42:30 [INFO] devolución procesada
2026-04-08 23:22:47 [INFO] stock bajo
2026-01-15 11:12:38 [ERROR] venta realizada
2026-01-30 19:41:37 [ERROR] devolución procesada
2026-05-11 21:50:42 [WARNING] devolución procesada
2026-04-21 07:38:22 [ERROR] devolución procesada
2026-04-08 12:12:36 [ERROR] stock bajo
2026-04-02 23:32:31 [INFO] pago rechazado
2026-03-03 03:38:30 [WARNING] devolución procesada
2026-01-17 18:53:44 [ERROR] venta realizada
2026-05-12 13:50:42 [INFO] venta realizada
2026-01-26 17:21:52 [ERROR] stock bajo
2026-03-01 07:26:13 [ERROR] pago rechazado
2026-03-02 14:58:07 [INFO] devolución procesada
2026-05-10 17:09:13 [INFO] pago rechazado
2026-04-09 10:40:55 [INFO] pago rechazado
2026-01-26 03:44:41 [WARNING] pago rechazado
2026-02-28 09:00:10 [ERROR] venta realizada
2026-04-25 04:54:04 [ERROR] pago rechazado
2026-05-02 14:49:42 [INFO] devolución procesada
2026-02-26 18:37:08 [INFO] stock bajo
2026-05-09 22:00:04 [ERROR] pago rechazado
2026-01-27 23:25:51 [WARNING] pago rechazado
2026-01-30 12:12:44 [WARNING] pago rechazado
2026-01-25 18:34:06 [WARNING] pago rechazado
2026-01-21 08:44:15 [ERROR] devolución procesada
2026-03-20 20:15:37 [ERROR] pago rechazado
2026-01-27 22:08:29 [ERROR] devolución procesada
2026-04-12 11:35:19 [INFO] pago rechazado
2026-02-18 16:17:41 [INFO] pago rechazado
2026-02-28 21:27:53 [INFO] venta realizada
2026-03-15 18:37:09 [WARNING] devolución procesada
2026-02-15 22:30:40 [WARNING] venta realizada
2026-02-25 03:00:03 [INFO] stock bajo
2026-03-12 20:44:12 [WARNING] devolución procesada
2026-04-04 03:34:08 [INFO] stock bajo
2026-02-05 20:47:29 [INFO] venta realizada
2026-03-03 22:24:50 [ERROR] devolución procesada
2026-03-22 00:10:36 [WARNING] pago rechazado
2026-01-29 07:55:07 [ERROR] venta realizada
2026-04-24 14:46:44 [ERROR] pago rechazado
2026-02-15 18:26:20 [WARNING] pago rechazado
2026-02-22 23:37:47 [WARNING] pago rechazado
2026-05-07 22:48:37 [INFO] pago rechazado
2026-01-25 20:58:39 [ERROR] devolución procesada
2026-04-12 06:23:23 [ERROR] devolución procesada
2026-01-18 18:42:11 [INFO] devolución procesada
2026-02-15 00:26:42 [WARNING] devolución procesada
2026-01-23 10:31:06 [ERROR] pago rechazado
2026-02-25 08:55:14 [WARNING] devolución procesada
2026-03-28 05:49:56 [ERROR] devolución procesada
2026-01-15 06:55:03 [INFO] pago rechazado
2026-04-19 23:09:16 [WARNING] stock bajo
2026-03-05 07:42:27 [INFO] devolución procesada
2026-02-21 08:07:07 [INFO] pago rechazado
2026-04-05 21:42:00 [ERROR] venta realizada
2026-02-11 14:26:58 [ERROR] stock bajo
2026-04-15 13:05:48 [ERROR] venta realizada
2026-02-04 23:09:24 [ERROR] stock bajo
2026-04-05 00:36:48 [INFO] venta realizada
2026-05-05 04:58:52 [ERROR] pago rechazado
2026-04-21 03:35:33 [ERROR] pago rechazado
2026-03-25 07:54:53 [ERROR] venta realizada
2026-01-15 04:04:49 [ERROR] pago rechazado
2026-02-04 09:28:31 [WARNING] devolución procesada
2026-04-09 19:35:15 [ERROR] devolución procesada
2026-01-27 20:57:42 [ERROR] stock bajo
2026-02-04 07:18:51 [ERROR] venta realizada
2026-03-14 20:12:33 [WARNING] pago rechazado
2026-03-27 14:09:05 [WARNING] devolución procesada
2026-05-02 17:44:02 [ERROR] venta realizada
2026-02-20 19:56:28 [WARNING] devolución procesada
2026-02-04 20:00:32 [INFO] devolución procesada
2026-02-25 03:27:45 [INFO] stock bajo
2026-03-25 02:18:38 [INFO] devolución procesada
2026-02-10 15:57:22 [WARNING] venta realizada
2026-04-28 09:16:05 [INFO] pago rechazado
2026-03-03 23:59:55 [WARNING] devolución procesada
2026-01-17 14:13:13 [WARNING] devolución procesada
2026-02-23 14:43:48 [ERROR] stock bajo
2026-05-02 04:06:00 [WARNING] stock bajo
2026-04-01 08:28:14 [WARNING] devolución procesada
2026-02-19 03:22:48 [WARNING] stock bajo
2026-04-21 03:08:51 [INFO] pago rechazado
2026-02-13 07:55:10 [WARNING] venta realizada
2026-01-22 05:51:37 [ERROR] venta realizada
2026-02-01 01:06:23 [ERROR] venta realizada
2026-03-09 22:17:37 [WARNING] pago rechazado
2026-05-07 11:21:14 [INFO] devolución procesada
2026-01-26 20:48:58 [INFO] stock bajo
2026-04-20 11:34:57 [WARNING] pago rechazado
2026-01-23 03:40:48 [ERROR] devolución procesada
2026-04-27 11:51:33 [WARNING] venta realizada
2026-02-09 15:58:33 [INFO] devolución procesada
2026-02-26 20:26:59 [INFO] pago rechazado
2026-01-31 16:06:51 [ERROR] pago rechazado
2026-01-31 11:15:01 [WARNING] venta realizada
2026-01-15 04:52:08 [ERROR] devolución procesada
2026-04-10 06:06:52 [WARNING] stock bajo
2026-04-28 15:50:44 [INFO] devolución procesada
2026-04-16 13:14:09 [ERROR] venta realizada
2026-01-15 00:18:14 [WARNING] devolución procesada
2026-05-03 11:24:44 [INFO] stock bajo
2026-01-15 23:40:27 [ERROR] stock bajo
2026-01-25 22:22:10 [INFO] pago rechazado
2026-03-24 14:34:44 [INFO] devolución procesada
2026-04-28 15:14:27 [WARNING] devolución procesada
2026-03-17 10:27:30 [WARNING] stock bajo
2026-04-27 19:44:24 [WARNING] venta realizada
2026-02-08 22:32:00 [INFO] venta realizada
2026-05-09 12:42:32 [ERROR] pago rechazado
2026-04-24 09:00:56 [ERROR] devolución procesada
2026-01-22 16:59:02 [INFO] devolución procesada
2026-05-07 17:06:17 [INFO] venta realizada
2026-01-26 13:39:18 [INFO] pago rechazado
2026-04-22 02:36:51 [WARNING] venta realizada
2026-01-15 18:26:55 [INFO] pago rechazado
2026-05-12 10:50:02 [ERROR] stock bajo
2026-01-28 22:10:58 [INFO] venta realizada
2026-03-13 00:47:06 [WARNING] stock bajo
2026-02-10 19:04:14 [INFO] pago rechazado
2026-04-07 20:08:46 [ERROR] stock bajo
2026-04-22 03:00:13 [INFO] devolución procesada
2026-03-17 05:44:00 [INFO] venta realizada
2026-02-20 03:22:38 [INFO] venta realizada
2026-02-16 18:16:57 [WARNING] devolución procesada
2026-02-23 17:50:09 [INFO] devolución procesada
2026-01-14 22:27:14 [ERROR] venta realizada
2026-03-09 09:34:43 [WARNING] pago rechazado
2026-04-12 00:59:32 [ERROR] stock bajo
2026-03-25 00:17:25 [ERROR] stock bajo
2026-01-18 23:37:52 [ERROR] stock bajo
2026-04-05 18:35:42 [ERROR] venta realizada
2026-02-22 03:27:10 [ERROR] venta realizada
2026-04-12 01:50:09 [WARNING] stock bajo
2026-03-09 15:41:50 [WARNING] stock bajo
2026-02-16 16:20:42 [INFO] stock bajo
2026-03-17 20:01:23 [ERROR] stock bajo
2026-02-23 11:02:27 [WARNING] stock bajo
2026-03-16 09:01:09 [ERROR] pago rechazado
2026-02-24 07:33:35 [INFO] pago rechazado
2026-03-22 09:56:07 [ERROR] devolución procesada
2026-02-14 22:03:02 [INFO] venta realizada
2026-03-21 15:44:36 [ERROR] stock bajo
2026-02-21 08:00:49 [WARNING] venta realizada
2026-03-30 19:02:11 [WARNING] devolución procesada
2026-02-15 21:38:31 [ERROR] stock bajo
2026-03-10 06:54:00 [INFO] pago rechazado
2026-02-07 18:30:53 [INFO] stock bajo
2026-03-28 17:31:22 [WARNING] venta realizada
2026-02-04 04:41:07 [ERROR] devolución procesada
2026-02-28 18:55:00 [INFO] pago rechazado
2026-03-14 19:02:37 [INFO] pago rechazado
2026-02-27 07:55:49 [WARNING] pago rechazado
2026-03-14 06:33:38 [WARNING] venta realizada
2026-02-20 21:59:28 [INFO] pago rechazado
2026-01-20 01:03:34 [WARNING] stock bajo
2026-02-14 09:12:46 [INFO] devolución procesada
2026-02-21 20:34:37 [ERROR] venta realizada
2026-03-26 15:33:06 [ERROR] stock bajo
2026-02-22 04:53:16 [ERROR] pago rechazado
2026-02-11 05:18:57 [INFO] venta realizada
2026-04-19 09:25:08 [INFO] devolución procesada
2026-02-05 08:31:18 [ERROR] pago rechazado
2026-04-25 11:14:57 [INFO] stock bajo
2026-02-25 20:20:33 [WARNING] stock bajo
2026-03-17 17:23:14 [WARNING] stock bajo
2026-03-28 05:51:06 [WARNING] venta realizada
2026-01-27 08:21:28 [INFO] pago rechazado
2026-03-13 07:17:35 [WARNING] devolución procesada
2026-02-02 21:36:25 [WARNING] venta realizada
2026-03-16 11:04:11 [WARNING] venta realizada
2026-03-05 14:10:09 [INFO] pago rechazado
2026-04-26 03:42:54 [ERROR] stock bajo
2026-04-15 10:34:17 [INFO] venta realizada
2026-02-02 02:02:48 [INFO] venta realizada
2026-05-04 13:55:56 [INFO] venta realizada
2026-04-01 17:16:24 [WARNING] devolución procesada
2026-02-09 03:40:51 [ERROR] devolución procesada
2026-03-07 06:51:08 [ERROR] devolución procesada
2026-01-20 09:53:06 [WARNING] pago rechazado
2026-02-21 02:14:06 [WARNING] pago rechazado
2026-03-14 04:10:11 [INFO] venta realizada
2026-04-30 18:11:56 [ERROR] devolución procesada
2026-02-11 18:56:15 [WARNING] venta realizada
2026-02-10 23:54:36 [WARNING] venta realizada
2026-03-09 16:18:34 [WARNING] venta realizada
2026-04-20 14:52:10 [WARNING] venta realizada
2026-02-19 07:36:46 [ERROR] venta realizada
2026-04-10 06:59:41 [ERROR] pago rechazado
2026-04-09 18:54:20 [INFO] devolución procesada
2026-05-01 12:38:36 [INFO] devolución procesada
2026-01-24 17:05:58 [WARNING] devolución procesada
2026-03-02 07:52:27 [INFO] stock bajo
2026-02-26 03:20:45 [ERROR] pago rechazado
2026-02-21 02:38:15 [ERROR] devolución procesada
2026-01-30 22:17:11 [ERROR] devolución procesada
2026-03-09 05:00:13 [ERROR] venta realizada
2026-02-27 11:28:42 [ERROR] pago rechazado
2026-04-23 13:52:39 [WARNING] devolución procesada
2026-02-03 18:46:27 [WARNING] venta realizada
2026-04-12 16:46:57 [ERROR] devolución procesada
2026-02-11 18:28:56 [ERROR] venta realizada
2026-05-10 08:55:28 [WARNING] pago rechazado
2026-03-18 20:33:24 [WARNING] pago rechazado
2026-04-12 10:32:43 [WARNING] stock bajo
2026-01-15 10:57:23 [ERROR] stock bajo
2026-02-28 06:23:12 [ERROR] pago rechazado
2026-01-20 14:53:32 [WARNING] stock bajo
2026-03-07 19:56:32 [WARNING] devolución procesada
2026-02-16 09:51:47 [ERROR] venta realizada
2026-02-09 21:28:14 [WARNING] devolución procesada
2026-02-28 23:04:04 [INFO] stock bajo
2026-05-12 02:35:03 [ERROR] venta realizada
2026-02-27 10:01:42 [INFO] pago rechazado
2026-02-26 07:26:34 [INFO] venta realizada
2026-02-01 14:45:33 [INFO] devolución procesada
2026-04-17 13:01:35 [INFO] venta realizada
2026-05-12 09:08:44 [WARNING] pago rechazado
2026-04-12 09:29:05 [WARNING] venta realizada
2026-01-27 00:17:26 [WARNING] stock bajo
2026-03-31 02:04:59 [ERROR] stock bajo
2026-02-27 11:39:00 [ERROR] venta realizada
2026-02-05 23:33:22 [ERROR] devolución procesada
2026-03-24 06:34:09 [INFO] devolución procesada
2026-04-30 19:53:13 [WARNING] devolución procesada
2026-02-01 20:28:16 [INFO] pago rechazado
2026-04-04 06:15:11 [ERROR] pago rechazado
2026-02-27 23:02:42 [ERROR] devolución procesada
2026-02-27 23:09:58 [INFO] stock bajo
2026-04-12 13:10:47 [WARNING] devolución procesada
2026-01-30 16:07:46 [ERROR] venta realizada
2026-04-07 09:21:37 [WARNING] stock bajo
2026-02-12 23:57:44 [WARNING] devolución procesada
2026-04-26 03:49:12 [WARNING] stock bajo
2026-04-21 04:18:33 [INFO] pago rechazado
2026-04-23 23:20:51 [INFO] venta realizada
2026-04-24 16:17:05 [ERROR] stock bajo
2026-04-13 17:23:40 [ERROR] venta realizada
2026-03-19 11:45:16 [INFO] devolución procesada
2026-02-07 23:49:14 [WARNING] stock bajo
2026-03-20 06:43:58 [WARNING] venta realizada
2026-01-15 18:00:33 [INFO] stock bajo
2026-02-12 03:47:02 [INFO] stock bajo
2026-02-12 07:40:37 [WARNING] devolución procesada
2026-04-12 05:20:40 [WARNING] stock bajo
2026-04-13 03:06:30 [INFO] pago rechazado
2026-02-16 17:16:33 [INFO] pago rechazado
2026-02-13 03:15:31 [INFO] stock bajo
2026-04-19 01:57:37 [INFO] stock bajo
2026-03-04 09:01:27 [INFO] stock bajo
2026-03-19 12:51:02 [ERROR] devolución procesada
2026-01-24 21:30:07 [ERROR] venta realizada
2026-04-05 09:32:15 [INFO] stock bajo
2026-03-20 21:54:33 [WARNING] stock bajo
2026-01-16 21:31:30 [ERROR] devolución procesada
2026-01-13 01:32:17 [INFO] pago rechazado
2026-04-28 16:54:28 [INFO] venta realizada
2026-03-30 21:55:52 [WARNING] pago rechazado
2026-02-07 14:09:40 [INFO] venta realizada
2026-04-15 10:03:07 [WARNING] venta realizada
2026-01-31 13:46:01 [INFO] devolución procesada
2026-01-24 23:45:38 [ERROR] devolución procesada
2026-01-23 07:20:55 [INFO] pago rechazado
2026-04-30 17:45:06 [WARNING] devolución procesada
2026-03-27 08:41:56 [WARNING] stock bajo
2026-04-30 10:25:59 [INFO] pago rechazado
2026-03-01 05:19:52 [ERROR] devolución procesada
2026-04-04 11:41:23 [WARNING] stock bajo
2026-04-22 07:58:33 [INFO] devolución procesada
2026-02-26 12:57:12 [ERROR] venta realizada
2026-03-19 21:02:35 [WARNING] stock bajo
2026-02-14 20:50:01 [ERROR] stock bajo
2026-03-12 08:22:36 [INFO] stock bajo
2026-05-09 17:41:36 [ERROR] venta realizada
2026-04-21 06:45:57 [WARNING] devolución procesada
2026-02-12 18:32:13 [ERROR] venta realizada
2026-02-02 13:21:50 [INFO] venta realizada
2026-01-14 00:32:54 [INFO] stock bajo
2026-03-19 18:48:42 [ERROR] pago rechazado
2026-04-29 17:21:30 [ERROR] devolución procesada
2026-03-28 09:01:02 [WARNING] stock bajo
2026-03-04 00:08:46 [ERROR] pago rechazado
2026-03-09 00:44:17 [WARNING] stock bajo
2026-04-30 23:01:26 [WARNING] pago rechazado
2026-03-15 11:24:50 [ERROR] stock bajo
2026-03-03 18:16:02 [ERROR] venta realizada
2026-02-03 21:23:03 [WARNING] venta realizada
2026-02-25 00:09:39 [INFO] stock bajo
2026-04-04 14:55:53 [INFO] stock bajo
2026-02-28 03:47:37 [WARNING] stock bajo
2026-01-22 19:13:32 [WARNING] devolución procesada
2026-05-10 08:12:35 [ERROR] devolución procesada
2026-01-22 21:35:48 [WARNING] devolución procesada
2026-02-18 13:46:02 [INFO] venta realizada
2026-02-23 15:11:54 [INFO] devolución procesada
2026-03-01 20:16:01 [INFO] venta realizada
2026-01-24 19:26:07 [INFO] venta realizada
2026-03-09 04:15:12 [ERROR] venta realizada
2026-03-09 20:19:22 [WARNING] stock bajo
2026-04-04 01:27:41 [INFO] devolución procesada
2026-04-28 02:58:50 [ERROR] stock bajo
2026-03-18 00:19:37 [ERROR] devolución procesada
2026-02-09 12:01:57 [WARNING] pago rechazado
2026-04-07 13:54:39 [INFO] pago rechazado
2026-01-23 20:31:26 [ERROR] stock bajo
2026-02-12 18:34:16 [WARNING] devolución procesada
2026-04-13 21:59:36 [ERROR] stock bajo
2026-03-17 04:07:56 [INFO] venta realizada
2026-03-01 12:12:02 [WARNING] venta realizada
2026-04-05 15:02:24 [WARNING] stock bajo
2026-02-10 08:51:25 [WARNING] devolución procesada
2026-03-17 20:04:38 [WARNING] venta realizada
2026-05-12 04:31:26 [WARNING] devolución procesada
2026-02-12 12:47:30 [WARNING] stock bajo
2026-01-18 09:01:48 [INFO] stock bajo
2026-01-16 03:02:38 [ERROR] stock bajo
2026-01-18 01:53:05 [ERROR] stock bajo
2026-04-03 21:07:02 [INFO] stock bajo
2026-03-24 16:25:38 [INFO] venta realizada
2026-02-21 06:50:06 [ERROR] stock bajo
2026-04-09 00:13:30 [INFO] venta realizada
2026-01-17 08:40:26 [INFO] pago rechazado
2026-02-15 15:56:36 [WARNING] venta realizada
2026-05-12 21:18:56 [WARNING] pago rechazado
2026-04-13 02:31:09 [ERROR] venta realizada
2026-02-02 02:00:21 [ERROR] pago rechazado
2026-05-04 06:22:25 [INFO] devolución procesada
2026-02-07 14:00:22 [INFO] pago rechazado
2026-04-30 05:05:24 [WARNING] pago rechazado
2026-02-24 07:32:51 [INFO] pago rechazado
2026-04-15 10:06:14 [ERROR] devolución procesada
2026-04-21 23:52:49 [INFO] stock bajo
2026-02-03 06:03:57 [INFO] pago rechazado
2026-03-28 19:55:17 [ERROR] pago rechazado
2026-04-18 14:25:40 [WARNING] stock bajo
2026-03-15 19:25:01 [INFO] devolución procesada
2026-03-07 02:37:07 [ERROR] stock bajo
2026-03-31 18:40:53 [WARNING] venta realizada
2026-01-27 17:29:45 [INFO] venta realizada
2026-04-29 11:58:18 [INFO] pago rechazado
2026-01-23 00:48:41 [WARNING] pago rechazado
2026-04-03 11:41:39 [WARNING] pago rechazado
2026-02-06 14:05:15 [ERROR] pago rechazado
2026-04-04 10:33:17 [WARNING] pago rechazado
2026-04-07 12:26:30 [WARNING] devolución procesada
2026-03-05 21:31:51 [ERROR] stock bajo
2026-02-26 00:30:10 [WARNING] venta realizada
2026-04-22 05:49:21 [ERROR] devolución procesada
2026-04-03 20:33:16 [INFO] stock bajo
2026-01-22 22:07:17 [WARNING] devolución procesada
2026-02-17 13:13:30 [ERROR] venta realizada
2026-03-26 20:48:07 [INFO] stock bajo
2026-03-19 08:51:20 [ERROR] stock bajo
2026-02-22 05:59:24 [INFO] venta realizada
2026-03-30 04:10:44 [WARNING] stock bajo
2026-03-07 08:41:05 [WARNING] pago rechazado
2026-03-15 21:54:33 [INFO] venta realizada
2026-01-14 15:27:38 [ERROR] venta realizada
2026-02-15 23:31:02 [WARNING] devolución procesada
2026-03-04 09:56:43 [WARNING] venta realizada
2026-04-16 10:09:37 [INFO] devolución procesada
2026-05-05 17:05:43 [WARNING] devolución procesada
2026-04-03 21:38:15 [ERROR] stock bajo
2026-05-06 19:22:16 [WARNING] pago rechazado
2026-02-11 21:39:49 [ERROR] venta realizada
2026-04-24 17:00:03 [INFO] devolución procesada
2026-01-22 21:52:29 [INFO] stock bajo
2026-05-02 19:22:33 [ERROR] venta realizada
2026-01-18 02:46:08 [ERROR] devolución procesada
2026-04-11 17:43:49 [INFO] venta realizada
2026-03-27 15:06:17 [INFO] stock bajo
2026-03-14 16:47:55 [WARNING] pago rechazado
2026-01-26 17:15:59 [INFO] venta realizada
2026-02-23 21:09:20 [INFO] venta realizada
2026-03-11 14:56:04 [ERROR] stock bajo
2026-03-05 11:42:34 [INFO] stock bajo
2026-04-03 04:11:41 [WARNING] stock bajo
2026-03-14 21:27:01 [WARNING] devolución procesada
2026-03-01 12:48:45 [WARNING] pago rechazado
2026-05-12 01:04:34 [WARNING] venta realizada
2026-01-25 03:01:57 [ERROR] venta realizada
2026-04-17 00:03:30 [INFO] venta realizada
2026-02-19 15:25:15 [WARNING] stock bajo
2026-02-09 18:20:53 [INFO] pago rechazado
2026-03-21 18:52:14 [ERROR] venta realizada
2026-04-01 10:39:46 [WARNING] venta realizada
2026-03-09 20:05:47 [INFO] stock bajo
2026-01-19 23:09:46 [ERROR] venta realizada
2026-04-17 04:27:15 [INFO] stock bajo
2026-04-04 20:14:34 [INFO] venta realizada
2026-03-13 11:28:47 [ERROR] pago rechazado
2026-03-05 07:52:02 [INFO] stock bajo
2026-01-20 17:04:44 [WARNING] venta realizada
2026-05-04 22:18:02 [INFO] stock bajo
2026-02-17 07:37:10 [WARNING] venta realizada
2026-01-27 15:29:41 [ERROR] venta realizada
2026-05-09 13:18:02 [WARNING] stock bajo
2026-02-20 17:34:19 [ERROR] pago rechazado
2026-04-22 06:52:26 [ERROR] stock bajo
2026-01-23 12:48:47 [ERROR] devolución procesada
2026-03-24 06:01:46 [INFO] stock bajo
2026-04-10 08:13:24 [WARNING] pago rechazado
2026-03-23 22:37:55 [ERROR] pago rechazado
2026-03-15 23:21:40 [WARNING] devolución procesada
2026-04-30 20:41:43 [WARNING] pago rechazado
2026-04-14 17:00:42 [ERROR] pago rechazado
2026-01-16 01:04:23 [WARNING] venta realizada
2026-02-11 23:01:35 [INFO] pago rechazado
2026-03-13 16:17:53 [WARNING] devolución procesada
2026-04-21 23:14:51 [ERROR] devolución procesada
2026-03-06 04:54:04 [ERROR] stock bajo
2026-02-28 06:19:59 [WARNING] venta realizada
2026-03-13 21:03:46 [INFO] devolución procesada
2026-03-20 13:49:23 [ERROR] devolución procesada
2026-03-13 21:46:12 [WARNING] devolución procesada
2026-01-18 17:17:08 [WARNING] pago rechazado
2026-02-22 21:49:32 [INFO] devolución procesada
2026-01-26 12:15:38 [ERROR] stock bajo
2026-04-03 19:18:19 [ERROR] stock bajo
2026-03-26 21:38:41 [ERROR] stock bajo
2026-04-25 15:22:51 [ERROR] stock bajo
2026-02-12 03:23:57 [WARNING] pago rechazado
2026-03-14 10:35:10 [ERROR] stock bajo
2026-05-12 04:54:36 [INFO] devolución procesada
2026-05-11 17:42:54 [INFO] devolución procesada
2026-03-30 03:57:40 [WARNING] stock bajo
2026-01-24 21:41:54 [INFO] devolución procesada
2026-04-20 18:43:49 [WARNING] stock bajo
2026-03-05 02:07:54 [WARNING] venta realizada
2026-04-18 12:39:49 [INFO] stock bajo
2026-03-05 08:07:32 [WARNING] devolución procesada
2026-04-21 05:32:11 [ERROR] devolución procesada
2026-01-31 19:06:07 [WARNING] venta realizada
2026-03-02 01:47:41 [INFO] devolución procesada
2026-01-19 07:52:45 [INFO] stock bajo
2026-05-02 15:58:03 [WARNING] pago rechazado
2026-03-14 20:25:18 [INFO] stock bajo
2026-03-13 18:35:09 [WARNING] devolución procesada
2026-03-26 04:55:17 [ERROR] pago rechazado
2026-01-28 06:47:41 [WARNING] pago rechazado
2026-03-15 08:53:54 [INFO] devolución procesada
2026-01-16 03:39:15 [ERROR] pago rechazado
2026-02-20 21:42:33 [ERROR] venta realizada
2026-03-14 02:58:24 [INFO] stock bajo
2026-02-04 06:19:14 [WARNING] venta realizada
2026-04-20 01:26:13 [WARNING] stock bajo
2026-02-24 22:41:40 [WARNING] devolución procesada
2026-04-02 11:55:27 [WARNING] pago rechazado
2026-04-11 08:11:08 [INFO] devolución procesada
2026-03-14 02:22:40 [INFO] venta realizada
2026-03-05 08:08:39 [WARNING] pago rechazado
2026-01-22 15:31:25 [INFO] pago rechazado
2026-03-28 22:52:22 [INFO] stock bajo
2026-02-01 17:06:37 [INFO] stock bajo
2026-01-16 12:35:36 [ERROR] pago rechazado
2026-04-02 13:34:49 [ERROR] pago rechazado
2026-05-06 07:58:45 [ERROR] pago rechazado
2026-03-04 08:02:10 [WARNING] venta realizada
2026-01-23 13:00:14 [INFO] pago rechazado
2026-02-05 19:22:03 [WARNING] pago rechazado
2026-05-07 06:57:12 [WARNING] venta realizada
2026-03-05 00:27:18 [WARNING] devolución procesada
2026-04-04 07:09:06 [ERROR] venta realizada
2026-04-28 18:00:21 [WARNING] pago rechazado
2026-05-01 21:38:10 [INFO] devolución procesada
2026-03-16 00:22:33 [WARNING] stock bajo
2026-05-10 01:58:10 [ERROR] venta realizada
2026-04-15 11:16:55 [WARNING] pago rechazado
2026-01-14 10:20:54 [WARNING] pago rechazado
2026-04-21 22:42:14 [ERROR] stock bajo
2026-03-28 10:06:26 [ERROR] devolución procesada
2026-04-19 23:46:31 [WARNING] pago rechazado
2026-03-26 21:45:30 [ERROR] pago rechazado
2026-01-15 07:13:58 [ERROR] devolución procesada
2026-04-04 09:07:05 [INFO] devolución procesada
2026-02-27 06:35:03 [ERROR] venta realizada
2026-03-09 02:09:57 [WARNING] venta realizada
2026-01-19 08:48:52 [INFO] stock bajo
2026-04-12 08:46:43 [INFO] venta realizada
2026-04-07 08:19:35 [WARNING] pago rechazado
2026-04-07 22:11:53 [ERROR] venta realizada
2026-02-13 07:40:29 [WARNING] venta realizada
2026-03-05 07:10:48 [INFO] devolución procesada
2026-03-24 15:35:34 [INFO] stock bajo
2026-02-15 16:53:21 [ERROR] devolución procesada
2026-04-25 20:43:51 [INFO] stock bajo
2026-04-18 20:37:38 [WARNING] stock bajo
2026-04-20 06:44:51 [ERROR] devolución procesada
2026-02-19 22:58:05 [WARNING] venta realizada
2026-03-21 14:43:28 [INFO] pago rechazado
2026-03-31 13:57:29 [WARNING] stock bajo
2026-03-05 05:10:41 [INFO] pago rechazado
2026-03-23 22:15:49 [ERROR] stock bajo
2026-05-07 20:15:26 [ERROR] stock bajo
2026-02-17 18:57:28 [ERROR] devolución procesada
2026-02-09 18:36:54 [WARNING] devolución procesada
2026-02-09 06:03:59 [INFO] stock bajo
2026-03-27 12:59:26 [ERROR] stock bajo
2026-03-11 01:48:54 [ERROR] stock bajo
2026-02-08 10:19:23 [INFO] devolución procesada
2026-02-20 14:48:49 [INFO] devolución procesada
2026-03-02 12:53:43 [WARNING] pago rechazado
2026-05-10 16:21:39 [WARNING] stock bajo
2026-01-30 23:32:24 [ERROR] stock bajo
2026-02-13 03:39:28 [ERROR] pago rechazado
2026-01-28 20:57:06 [INFO] devolución procesada
2026-04-30 21:27:41 [WARNING] devolución procesada
2026-02-16 06:46:30 [ERROR] pago rechazado
2026-01-15 22:35:27 [ERROR] devolución procesada
2026-04-19 16:30:05 [ERROR] pago rechazado
2026-03-08 23:01:59 [INFO] stock bajo
2026-03-06 10:50:08 [WARNING] devolución procesada
2026-04-15 01:43:45 [ERROR] pago rechazado
2026-02-08 01:03:20 [INFO] stock bajo
2026-03-27 18:08:33 [INFO] devolución procesada
2026-03-29 14:31:36 [WARNING] devolución procesada
2026-03-30 11:30:33 [INFO] venta realizada
2026-03-08 01:52:58 [INFO] stock bajo
2026-03-28 17:04:58 [ERROR] devolución procesada
2026-02-06 17:46:23 [INFO] stock bajo
2026-01-30 06:28:05 [WARNING] pago rechazado
2026-04-30 02:17:03 [ERROR] pago rechazado
2026-04-16 01:13:29 [WARNING] stock bajo
2026-02-02 03:48:51 [WARNING] pago rechazado
2026-04-23 22:08:02 [ERROR] devolución procesada
2026-02-06 22:16:24 [ERROR] stock bajo
2026-01-17 18:20:35 [ERROR] devolución procesada
2026-04-09 15:34:17 [WARNING] pago rechazado
2026-03-12 23:36:37 [ERROR] venta realizada
2026-04-09 07:38:33 [WARNING] stock bajo
2026-03-11 04:48:52 [WARNING] pago rechazado
2026-03-24 02:58:22 [WARNING] stock bajo
2026-04-06 00:33:20 [INFO] devolución procesada
2026-04-25 06:19:07 [ERROR] stock bajo
2026-02-11 18:22:29 [INFO] devolución procesada
2026-03-16 02:42:44 [WARNING] venta realizada
2026-01-22 08:39:54 [ERROR] venta realizada
2026-02-09 02:45:17 [WARNING] pago rechazado
2026-02-17 10:21:04 [WARNING] stock bajo
2026-03-27 19:06:54 [WARNING] devolución procesada
2026-03-22 23:07:58 [ERROR] venta realizada
2026-02-14 13:37:24 [INFO] pago rechazado
2026-02-07 21:11:49 [ERROR] devolución procesada
2026-01-27 10:45:13 [WARNING] devolución procesada
2026-01-27 19:00:46 [INFO] venta realizada
2026-05-09 11:03:55 [INFO] venta realizada
2026-03-21 17:34:10 [ERROR] pago rechazado
2026-02-25 19:45:56 [INFO] devolución procesada
2026-05-08 19:54:05 [INFO] stock bajo
2026-02-21 23:18:53 [INFO] pago rechazado
2026-02-03 16:52:58 [WARNING] stock bajo
2026-02-09 12:52:49 [WARNING] stock bajo
2026-03-03 14:20:24 [WARNING] pago rechazado
2026-02-16 09:41:18 [INFO] devolución procesada
2026-04-04 10:49:01 [WARNING] devolución procesada
2026-02-13 06:00:32 [INFO] venta realizada
2026-04-16 21:13:51 [INFO] pago rechazado
2026-04-28 04:31:20 [WARNING] venta realizada
2026-04-11 09:34:53 [ERROR] stock bajo
2026-04-06 06:38:01 [INFO] stock bajo
2026-01-27 20:03:13 [INFO] pago rechazado
2026-04-13 13:24:18 [ERROR] devolución procesada
2026-04-09 08:19:32 [INFO] stock bajo
2026-04-17 06:30:50 [ERROR] devolución procesada
2026-02-05 07:21:38 [ERROR] pago rechazado
2026-02-21 18:03:33 [ERROR] stock bajo
2026-03-09 05:17:31 [ERROR] pago rechazado
2026-02-03 14:44:22 [ERROR] stock bajo
2026-04-05 13:41:39 [ERROR] devolución procesada
2026-04-30 00:35:15 [ERROR] devolución procesada
2026-01-25 07:31:20 [INFO] venta realizada
2026-01-22 23:39:49 [INFO] stock bajo
2026-02-15 17:55:28 [WARNING] stock bajo
2026-02-26 09:37:34 [INFO] stock bajo
2026-02-05 07:07:50 [WARNING] stock bajo
2026-01-20 06:01:33 [ERROR] venta realizada
2026-02-20 22:17:16 [INFO] devolución procesada
2026-04-20 22:22:13 [WARNING] stock bajo
2026-05-10 17:50:32 [ERROR] devolución procesada
2026-03-07 22:55:43 [INFO] venta realizada
2026-01-15 10:45:25 [ERROR] venta realizada
2026-03-04 07:22:43 [INFO] devolución procesada
2026-01-28 08:56:04 [ERROR] pago rechazado
2026-02-03 21:19:11 [WARNING] devolución procesada
2026-01-28 21:09:35 [ERROR] devolución procesada
2026-02-16 12:01:20 [INFO] pago rechazado
2026-04-20 23:16:36 [INFO] pago rechazado
2026-02-04 23:30:23 [WARNING] venta realizada
2026-02-18 06:00:12 [ERROR] pago rechazado
2026-01-31 22:00:48 [WARNING] stock bajo
2026-01-31 09:38:24 [WARNING] pago rechazado
2026-03-24 04:02:26 [WARNING] stock bajo
2026-05-04 12:22:41 [ERROR] pago rechazado
2026-02-10 19:51:27 [WARNING] venta realizada
2026-04-27 18:36:48 [INFO] stock bajo
2026-02-22 13:16:37 [INFO] pago rechazado
2026-01-22 04:32:47 [WARNING] devolución procesada
2026-02-27 01:05:12 [WARNING] venta realizada
2026-05-04 01:57:05 [INFO] stock bajo
2026-04-08 01:18:05 [WARNING] venta realizada
2026-01-21 16:03:22 [INFO] stock bajo
2026-03-10 17:35:00 [INFO] venta realizada
2026-02-04 01:39:52 [WARNING] stock bajo
2026-02-13 00:02:43 [WARNING] stock bajo
2026-05-09 17:17:38 [INFO] venta realizada
2026-03-27 10:50:19 [WARNING] devolución procesada
2026-03-31 09:59:21 [WARNING] devolución procesada
2026-01-30 03:43:13 [ERROR] venta realizada
2026-02-05 06:02:34 [WARNING] devolución procesada
2026-04-15 22:30:41 [INFO] venta realizada
2026-04-28 02:14:51 [WARNING] stock bajo
2026-01-20 11:28:40 [WARNING] stock bajo
2026-02-25 05:19:31 [INFO] devolución procesada
2026-04-05 05:34:41 [WARNING] pago rechazado
2026-02-27 17:41:20 [WARNING] stock bajo
2026-03-21 11:32:35 [INFO] venta realizada
2026-02-08 09:00:04 [ERROR] devolución procesada
2026-04-17 08:58:11 [INFO] stock bajo
2026-03-23 00:10:15 [INFO] pago rechazado
2026-02-02 07:58:07 [WARNING] venta realizada
2026-04-12 11:53:25 [WARNING] devolución procesada
2026-05-11 07:44:01 [ERROR] pago rechazado
2026-04-20 01:01:30 [ERROR] pago rechazado
2026-01-15 14:26:34 [ERROR] venta realizada
2026-03-23 14:09:09 [ERROR] stock bajo
2026-04-21 16:36:54 [ERROR] devolución procesada
2026-03-14 21:12:41 [INFO] stock bajo
2026-03-18 14:37:32 [INFO] venta realizada
2026-01-25 10:03:46 [INFO] devolución procesada
2026-04-01 03:39:06 [INFO] stock bajo
2026-04-07 09:43:16 [INFO] stock bajo
2026-02-07 18:13:22 [ERROR] devolución procesada
2026-04-26 22:22:21 [ERROR] devolución procesada
2026-03-31 17:19:33 [ERROR] devolución procesada
2026-03-07 01:39:50 [INFO] pago rechazado
2026-03-19 01:16:50 [INFO] pago rechazado
2026-02-12 17:14:23 [WARNING] devolución procesada
2026-05-08 16:10:38 [INFO] pago rechazado
2026-04-17 18:32:46 [ERROR] venta realizada
2026-02-01 02:00:00 [ERROR] pago rechazado
2026-04-30 01:51:23 [ERROR] stock bajo
2026-02-09 11:59:24 [WARNING] pago rechazado
2026-04-11 11:57:32 [WARNING] venta realizada
2026-02-03 03:01:12 [ERROR] devolución procesada
2026-03-29 01:04:13 [WARNING] stock bajo
2026-02-21 19:24:04 [WARNING] pago rechazado
2026-04-06 12:03:44 [INFO] devolución procesada
2026-03-29 01:47:52 [WARNING] stock bajo
2026-05-12 17:47:37 [ERROR] venta realizada
2026-01-13 13:18:55 [WARNING] devolución procesada
2026-03-28 19:40:13 [ERROR] pago rechazado
2026-04-04 08:51:02 [INFO] devolución procesada
2026-05-06 21:42:53 [WARNING] devolución procesada
2026-03-25 07:24:45 [ERROR] venta realizada
2026-03-23 03:58:52 [WARNING] venta realizada
2026-03-01 03:52:49 [WARNING] stock bajo
2026-03-25 00:26:02 [ERROR] stock bajo
2026-02-06 12:38:26 [INFO] stock bajo
2026-02-06 20:12:53 [WARNING] stock bajo
2026-03-30 13:43:34 [ERROR] stock bajo
2026-02-18 07:20:50 [ERROR] devolución procesada
2026-01-15 20:19:26 [INFO] devolución procesada
2026-04-27 01:16:18 [WARNING] stock bajo
2026-04-25 05:14:56 [WARNING] stock bajo
2026-04-16 05:44:26 [ERROR] stock bajo
2026-04-10 10:50:00 [INFO] stock bajo
2026-01-14 22:26:05 [WARNING] venta realizada
2026-04-26 00:43:18 [WARNING] stock bajo
2026-02-14 06:27:37 [INFO] venta realizada
2026-04-18 15:06:26 [WARNING] stock bajo
2026-03-22 23:28:41 [ERROR] pago rechazado
2026-03-22 06:14:44 [INFO] devolución procesada
2026-03-22 12:26:21 [ERROR] stock bajo
2026-02-27 03:40:43 [INFO] stock bajo
2026-04-25 11:45:08 [WARNING] devolución procesada
2026-01-21 00:40:47 [INFO] pago rechazado
2026-04-16 19:09:25 [INFO] devolución procesada
2026-01-12 23:59:08 [ERROR] devolución procesada
2026-05-06 14:41:04 [INFO] devolución procesada
2026-01-27 18:05:18 [WARNING] venta realizada
2026-03-12 08:37:30 [ERROR] stock bajo
2026-03-31 15:38:27 [ERROR] pago rechazado
2026-03-24 11:57:47 [WARNING] venta realizada
2026-04-26 09:29:10 [WARNING] devolución procesada
2026-03-25 08:50:16 [WARNING] devolución procesada
2026-01-15 17:21:38 [INFO] pago rechazado
2026-04-01 12:32:54 [WARNING] pago rechazado
2026-03-16 11:36:49 [ERROR] stock bajo
2026-01-25 08:10:58 [WARNING] pago rechazado
2026-02-05 03:06:05 [WARNING] stock bajo
2026-04-24 00:21:27 [ERROR] venta realizada
2026-01-22 16:02:36 [ERROR] pago rechazado
2026-03-25 13:13:45 [ERROR] pago rechazado
2026-03-18 10:33:39 [WARNING] devolución procesada
2026-05-11 05:20:51 [ERROR] stock bajo
2026-03-09 21:18:35 [WARNING] stock bajo
2026-04-07 00:05:44 [INFO] stock bajo
2026-03-06 23:50:17 [WARNING] pago rechazado
2026-05-07 20:31:53 [WARNING] devolución procesada
2026-01-23 04:29:37 [WARNING] stock bajo
2026-02-18 23:44:28 [INFO] devolución procesada
2026-02-10 17:44:26 [WARNING] devolución procesada
2026-01-29 14:33:13 [ERROR] stock bajo
2026-03-04 06:53:32 [INFO] pago rechazado
2026-03-19 10:58:25 [WARNING] stock bajo
2026-01-27 06:42:45 [INFO] stock bajo
2026-04-25 10:25:39 [WARNING] pago rechazado
2026-01-18 22:01:50 [WARNING] stock bajo
2026-04-09 06:29:47 [INFO] venta realizada
2026-05-08 22:53:59 [INFO] stock bajo
2026-02-15 09:10:16 [ERROR] devolución procesada
2026-03-21 17:37:27 [ERROR] pago rechazado
2026-03-11 19:05:35 [INFO] stock bajo
2026-03-11 11:27:19 [ERROR] devolución procesada
2026-01-21 21:12:47 [ERROR] pago rechazado
2026-03-19 11:02:37 [ERROR] devolución procesada
2026-04-09 09:45:14 [INFO] stock bajo
2026-02-17 08:32:48 [INFO] stock bajo
2026-05-12 04:49:34 [ERROR] venta realizada
2026-02-25 07:52:56 [WARNING] devolución procesada
2026-02-28 05:11:05 [WARNING] devolución procesada
2026-01-17 11:06:23 [WARNING] pago rechazado
2026-03-23 15:26:49 [ERROR] devolución procesada
2026-05-12 07:03:16 [INFO] devolución procesada
2026-04-29 22:29:20 [WARNING] pago rechazado
2026-03-02 11:46:35 [ERROR] pago rechazado
2026-04-17 07:25:06 [WARNING] pago rechazado
2026-03-23 02:32:02 [WARNING] venta realizada
2026-03-25 19:32:34 [ERROR] pago rechazado
2026-01-31 23:49:51 [ERROR] pago rechazado
2026-01-21 10:26:05 [WARNING] venta realizada
2026-03-05 16:32:11 [WARNING] devolución procesada
2026-01-19 23:36:49 [ERROR] venta realizada
2026-01-26 03:20:20 [WARNING] venta realizada
2026-03-08 10:36:55 [ERROR] stock bajo
2026-04-28 03:12:28 [WARNING] pago rechazado
2026-03-17 07:50:06 [INFO] venta realizada
2026-05-06 17:45:04 [INFO] pago rechazado
2026-05-02 18:26:25 [INFO] pago rechazado
2026-03-26 03:44:49 [INFO] venta realizada
2026-01-25 07:37:52 [WARNING] venta realizada
2026-03-18 19:36:49 [INFO] pago rechazado
2026-04-08 05:46:32 [WARNING] devolución procesada
2026-01-19 08:08:09 [INFO] venta realizada
2026-01-22 13:18:23 [ERROR] venta realizada
2026-04-22 18:40:46 [ERROR] venta realizada
2026-03-04 12:58:00 [ERROR] stock bajo
2026-04-21 10:23:46 [ERROR] pago rechazado
2026-04-30 17:05:43 [INFO] stock bajo
2026-02-16 14:30:30 [INFO] venta realizada
2026-04-05 13:09:34 [ERROR] pago rechazado
2026-03-09 04:48:24 [WARNING] venta realizada
2026-03-03 09:03:52 [WARNING] devolución procesada
2026-03-10 11:42:03 [ERROR] pago rechazado
2026-04-05 01:36:43 [ERROR] venta realizada
2026-01-29 07:52:07 [ERROR] stock bajo
2026-03-18 06:26:30 [INFO] venta realizada
2026-03-20 06:14:17 [ERROR] venta realizada
2026-04-24 13:33:18 [INFO] pago rechazado
2026-02-11 00:01:16 [WARNING] pago rechazado
2026-04-21 17:34:44 [ERROR] pago rechazado
2026-03-20 14:56:34 [ERROR] stock bajo
2026-03-02 04:36:31 [ERROR] stock bajo
2026-03-06 02:58:48 [WARNING] pago rechazado
2026-01-31 23:15:54 [INFO] devolución procesada
2026-04-30 21:03:58 [ERROR] venta realizada
2026-03-15 21:36:56 [WARNING] devolución procesada
2026-01-19 05:23:35 [INFO] devolución procesada
2026-01-15 08:32:52 [INFO] venta realizada
2026-04-01 21:43:18 [ERROR] devolución procesada
2026-02-24 14:16:38 [ERROR] stock bajo
2026-01-26 20:02:52 [WARNING] stock bajo
2026-02-26 18:04:50 [WARNING] stock bajo
2026-05-08 17:54:10 [ERROR] venta realizada
2026-02-17 19:30:13 [ERROR] pago rechazado
2026-03-10 11:45:06 [ERROR] devolución procesada
2026-02-16 15:23:43 [INFO] stock bajo
2026-01-16 08:53:59 [INFO] stock bajo
2026-02-07 02:44:15 [WARNING] devolución procesada
2026-03-06 14:52:39 [INFO] devolución procesada
2026-04-16 11:39:24 [ERROR] pago rechazado
2026-02-26 11:27:45 [INFO] venta realizada
2026-03-04 09:37:45 [INFO] stock bajo
2026-02-06 02:57:57 [WARNING] stock bajo
2026-03-11 01:25:31 [INFO] stock bajo
2026-04-05 15:49:51 [ERROR] stock bajo
2026-03-06 07:13:23 [WARNING] pago rechazado
2026-02-14 00:38:06 [ERROR] pago rechazado
2026-04-01 02:38:37 [INFO] devolución procesada
2026-02-26 04:38:38 [INFO] venta realizada
2026-02-24 13:47:16 [WARNING] devolución procesada
2026-03-30 20:48:38 [WARNING] pago rechazado
2026-03-19 22:02:11 [INFO] venta realizada
2026-03-04 05:36:11 [WARNING] devolución procesada
2026-03-30 01:44:09 [ERROR] venta realizada
2026-02-10 02:13:14 [INFO] pago rechazado
2026-02-06 14:37:57 [WARNING] pago rechazado
2026-02-01 08:45:39 [INFO] venta realizada
2026-02-15 18:54:24 [ERROR] pago rechazado
2026-04-11 05:59:54 [ERROR] devolución procesada
2026-02-07 05:51:29 [WARNING] stock bajo
2026-01-18 02:17:01 [ERROR] stock bajo
2026-03-09 10:19:38 [INFO] venta realizada
2026-03-24 01:44:58 [WARNING] devolución procesada
2026-05-09 00:52:30 [ERROR] venta realizada
2026-02-12 00:30:02 [ERROR] venta realizada
2026-03-10 14:23:36 [INFO] stock bajo
2026-01-27 16:02:00 [INFO] pago rechazado
2026-04-03 09:32:58 [ERROR] devolución procesada
2026-04-15 10:58:36 [WARNING] pago rechazado
2026-02-15 14:35:19 [INFO] devolución procesada
2026-02-13 15:23:29 [INFO] devolución procesada
2026-01-15 02:14:01 [INFO] venta realizada
2026-04-16 02:18:02 [INFO] venta realizada
2026-04-29 19:20:46 [INFO] stock bajo
2026-03-30 22:02:39 [INFO] devolución procesada
2026-03-02 16:09:41 [ERROR] devolución procesada
2026-04-06 12:31:46 [WARNING] devolución procesada
2026-01-16 12:27:06 [INFO] pago rechazado
2026-02-15 10:35:08 [WARNING] pago rechazado
2026-03-22 13:27:35 [WARNING] stock bajo
2026-02-20 09:31:56 [WARNING] venta realizada
2026-04-07 22:35:25 [ERROR] stock bajo
2026-03-18 01:42:20 [WARNING] venta realizada
2026-02-20 19:48:12 [WARNING] devolución procesada
2026-05-10 22:11:39 [INFO] venta realizada
2026-03-21 02:15:40 [WARNING] pago rechazado
2026-01-21 08:33:16 [INFO] devolución procesada
2026-03-19 13:12:51 [ERROR] devolución procesada
2026-04-10 20:31:58 [ERROR] stock bajo
2026-04-13 16:09:01 [INFO] venta realizada
2026-01-24 22:02:11 [INFO] pago rechazado
2026-04-30 03:06:39 [ERROR] venta realizada
2026-03-17 05:32:09 [ERROR] pago rechazado
2026-03-14 05:19:59 [INFO] pago rechazado
2026-04-27 10:11:44 [INFO] devolución procesada
2026-04-02 23:50:08 [INFO] devolución procesada
2026-01-25 23:37:37 [INFO] pago rechazado
2026-01-25 05:45:06 [INFO] venta realizada
2026-02-24 12:53:55 [WARNING] venta realizada
2026-01-14 13:25:11 [ERROR] devolución procesada
2026-03-30 19:43:54 [WARNING] stock bajo
2026-01-29 11:34:13 [ERROR] stock bajo
2026-02-02 17:49:38 [ERROR] pago rechazado
2026-03-08 01:19:56 [WARNING] stock bajo
2026-01-22 17:49:39 [WARNING] stock bajo
2026-04-21 08:23:49 [INFO] devolución procesada
2026-01-15 23:55:09 [INFO] pago rechazado
2026-04-30 17:18:42 [ERROR] pago rechazado
2026-02-19 15:00:43 [WARNING] venta realizada
2026-05-02 10:28:33 [ERROR] devolución procesada
2026-05-07 21:22:13 [INFO] venta realizada
2026-01-31 09:04:39 [WARNING] stock bajo
2026-01-29 12:12:02 [INFO] pago rechazado
2026-03-03 05:12:42 [INFO] stock bajo
2026-01-13 01:21:50 [ERROR] venta realizada
2026-05-05 12:06:31 [WARNING] stock bajo
2026-02-03 09:51:07 [INFO] pago rechazado
2026-04-26 05:13:09 [WARNING] stock bajo
2026-03-08 20:21:41 [WARNING] venta realizada
2026-02-24 05:08:53 [WARNING] devolución procesada
2026-02-04 07:06:03 [INFO] venta realizada
2026-01-16 17:05:17 [WARNING] stock bajo
2026-04-12 07:52:17 [WARNING] stock bajo
2026-01-19 20:38:58 [INFO] pago rechazado
2026-04-02 05:48:34 [ERROR] devolución procesada
2026-02-21 13:18:04 [INFO] devolución procesada
2026-01-17 09:56:24 [INFO] stock bajo
2026-02-06 02:58:28 [ERROR] stock bajo
2026-04-12 06:25:25 [ERROR] devolución procesada
2026-03-04 07:29:08 [WARNING] pago rechazado
2026-02-28 23:16:38 [WARNING] stock bajo
2026-04-18 22:16:44 [ERROR] stock bajo
2026-04-04 17:59:35 [WARNING] stock bajo
2026-01-14 12:11:55 [INFO] pago rechazado
2026-03-24 22:56:08 [WARNING] stock bajo
2026-02-25 08:26:48 [ERROR] pago rechazado
2026-02-13 12:33:05 [INFO] devolución procesada
2026-03-14 08:19:15 [INFO] pago rechazado
2026-01-31 21:52:39 [ERROR] stock bajo
2026-03-19 13:11:14 [WARNING] pago rechazado
2026-03-23 07:18:20 [INFO] stock bajo
2026-03-08 21:29:19 [INFO] devolución procesada
2026-03-26 23:19:47 [ERROR] pago rechazado
2026-05-04 05:45:37 [WARNING] venta realizada
2026-03-07 12:28:26 [ERROR] pago rechazado
2026-01-22 21:20:08 [WARNING] venta realizada
2026-01-26 09:20:14 [WARNING] stock bajo
2026-01-14 10:10:00 [ERROR] venta realizada
2026-04-28 19:43:56 [INFO] venta realizada
2026-04-24 09:22:19 [WARNING] pago rechazado
2026-03-07 07:38:22 [WARNING] devolución procesada
2026-02-26 14:08:57 [WARNING] venta realizada
2026-03-22 02:18:50 [WARNING] devolución procesada
2026-03-27 20:40:00 [ERROR] devolución procesada
2026-03-11 12:36:16 [WARNING] devolución procesada
2026-04-30 19:28:20 [WARNING] devolución procesada
2026-02-12 08:55:12 [ERROR] stock bajo
2026-05-05 07:28:32 [INFO] devolución procesada
2026-04-30 23:06:19 [ERROR] devolución procesada
2026-04-30 17:48:44 [INFO] devolución procesada
2026-04-18 16:22:52 [INFO] devolución procesada
2026-03-13 21:21:29 [ERROR] pago rechazado
2026-03-25 18:59:21 [INFO] stock bajo
2026-04-14 02:15:01 [ERROR] venta realizada
2026-02-15 20:42:38 [ERROR] pago rechazado
2026-03-28 15:35:31 [WARNING] devolución procesada
2026-04-14 23:03:43 [WARNING] stock bajo
2026-03-10 08:12:43 [INFO] pago rechazado
2026-05-06 06:10:10 [ERROR] stock bajo
2026-02-08 13:01:06 [ERROR] pago rechazado
2026-01-25 21:23:13 [WARNING] stock bajo
2026-03-21 00:25:52 [WARNING] stock bajo
2026-02-08 11:36:03 [ERROR] stock bajo
2026-05-03 19:32:45 [ERROR] devolución procesada
2026-03-20 06:43:08 [INFO] stock bajo
2026-03-13 15:26:39 [ERROR] pago rechazado
2026-02-06 19:53:56 [ERROR] venta realizada
2026-02-13 12:24:17 [ERROR] devolución procesada
2026-04-02 01:25:23 [WARNING] venta realizada
2026-02-26 04:57:29 [INFO] venta realizada
